name,manaCost,cmc,colorIdentity,artist,number,type,text,printings,flavor,layout,multiverseid,power,toughness,rarity,subtypes,types
Air Elemental,{3}{U}{U},5,U,Richard Thomas,,Creature — Elemental,Flying,"LEA,LEB,2ED,CED,CEI,3ED,4ED,5ED,PO2,6ED,S99,BRB,BTD,7ED,8ED,9ED,10E,DD2,M10,DPA,ME4,DD3_JVC","These spirits of the air are winsome and wild, and cannot be truly contained. Only marginally intelligent, they often substitute whimsy for strategy, delighting in mischief and mayhem.",normal,94,4,4,Uncommon,Elemental,Creature
Ancestral Recall,{U},1,U,Mark Poole,,Instant,Target player draws three cards.,"LEA,LEB,2ED,CED,CEI,VMA",,normal,95,,,Rare,,Instant
Animate Artifact,{3}{U},4,U,Douglas Shuler,,Enchantment — Aura,"Enchant artifact\nAs long as enchanted artifact isn't a creature, it's an artifact creature with power and toughness each equal to its converted mana cost.","LEA,LEB,2ED,CED,CEI,3ED,4ED,ME4",,normal,96,,,Uncommon,Aura,Enchantment
Animate Dead,{1}{B},2,B,Anson Maddocks,,Enchantment — Aura,"Enchant creature card in a graveyard\nWhen Animate Dead enters the battlefield, if it's on the battlefield, it loses ""enchant creature card in a graveyard"" and gains ""enchant creature put onto the battlefield with Animate Dead."" Return enchanted creature card to the battlefield under your control and attach Animate Dead to it. When Animate Dead leaves the battlefield, that creature's controller sacrifices it.\nEnchanted creature gets -1/-0.","LEA,LEB,2ED,CED,CEI,3ED,4ED,5ED,MED,PD3,VMA,EMA",,normal,48,,,Uncommon,Aura,Enchantment
Animate Wall,{W},1,W,Dan Frazier,,Enchantment — Aura,Enchant Wall\nEnchanted Wall can attack as though it didn't have defender.,"LEA,LEB,2ED,CED,CEI,3ED,4ED,5ED,6ED,MED",,normal,232,,,Rare,Aura,Enchantment
Ankh of Mishra,{2},2,,Amy Weber,,Artifact,"Whenever a land enters the battlefield, Ankh of Mishra deals 2 damage to that land's controller.","LEA,LEB,2ED,CED,CEI,3ED,4ED,5ED,6ED,MED,VMA",,normal,1,,,Rare,,Artifact
Armageddon,{3}{W},4,W,Jesper Myrfors,,Sorcery,Destroy all lands.,"LEA,LEB,2ED,CED,CEI,3ED,4ED,5ED,POR,pJGP,PO2,ATH,6ED,S99,MED,ME4,VMA,V14",,normal,233,,,Rare,,Sorcery
Aspect of Wolf,{1}{G},2,G,Jeff A. Menges,,Enchantment — Aura,"Enchant creature\nEnchanted creature gets +X/+Y, where X is half the number of Forests you control, rounded down, and Y is half the number of Forests you control, rounded up.","LEA,LEB,2ED,CED,CEI,3ED,4ED,5ED",,normal,140,,,Rare,Aura,Enchantment
Bad Moon,{1}{B},2,B,Jesper Myrfors,,Enchantment,Black creatures get +1/+1.,"LEA,LEB,2ED,CED,CEI,3ED,4ED,5ED,TSB,DDD,C14,DD3_GVL",,normal,49,,,Rare,,Enchantment
Badlands,,,"B,R",Rob Alexander,,Land — Swamp Mountain,({T}: Add {B} or {R} to your mana pool.),"LEA,LEB,2ED,CED,CEI,3ED,ME2,ME4,VMA",,normal,279,,,Rare,"Swamp,Mountain",Land
Balance,{1}{W},2,W,Mark Poole,,Sorcery,"Each player chooses a number of lands he or she controls equal to the number of lands controlled by the player who controls the fewest, then sacrifices the rest. Players discard cards and sacrifice creatures the same way.","LEA,LEB,2ED,CED,CEI,3ED,4ED,pJGP,V09,ME4,VMA,EMA",,normal,234,,,Rare,,Sorcery
Basalt Monolith,{3},3,,Jesper Myrfors,,Artifact,Basalt Monolith doesn't untap during your untap step.\n{T}: Add {C}{C}{C} to your mana pool.\n{3}: Untap Basalt Monolith.,"LEA,LEB,2ED,CED,CEI,3ED,ME4,C13,C15",,normal,2,,,Uncommon,,Artifact
Bayou,,,"B,G",Jesper Myrfors,,Land — Swamp Forest,({T}: Add {B} or {G} to your mana pool.),"LEA,LEB,2ED,CED,CEI,3ED,ME3,ME4,VMA",,normal,280,,,Rare,"Swamp,Forest",Land
Benalish Hero,{W},1,W,Douglas Shuler,,Creature — Human Soldier,"Banding (Any creatures with banding, and up to one without, can attack in a band. Bands are blocked as a group. If any creatures with banding you control are blocking or being blocked by a creature, you divide that creature's combat damage, not its controller, among any of the creatures it's being blocked by or is blocking.)","LEA,LEB,2ED,CED,CEI,3ED,4ED,5ED,MED","Benalia has a complex caste system that changes with the lunar year. No matter what the season, the only caste that cannot be attained by either heredity or money is that of the hero.",normal,235,1,1,Common,"Human,Soldier",Creature
Berserk,{G},1,G,Dan Frazier,,Instant,"Cast Berserk only before the combat damage step.\nTarget creature gains trample and gets +X/+0 until end of turn, where X is its power. At the beginning of the next end step, destroy that creature if it attacked this turn.","LEA,LEB,2ED,CED,CEI,MED,V09,VMA",,normal,141,,,Uncommon,,Instant
Birds of Paradise,{G},1,G,Mark Poole,,Creature — Bird,Flying\n{T}: Add one mana of any color to your mana pool.,"LEA,LEB,2ED,CED,CEI,3ED,pMEI,4ED,5ED,6ED,7ED,8ED,RAV,10E,M10,M11,M12",,normal,142,0,1,Rare,Bird,Creature
Black Knight,{B}{B},2,B,Jeff A. Menges,,Creature — Human Knight,"First strike (This creature deals combat damage before creatures without first strike.)\nProtection from white (This creature can't be blocked, targeted, dealt damage, or enchanted by anything white.)","LEA,LEB,2ED,CED,CEI,3ED,4ED,5ED,ATH,pFNM,MED,M10,M11,ME4",Battle doesn't need a purpose; the battle is its own purpose. You don't ask why a plague spreads or a field burns. Don't ask why I fight.,normal,50,2,2,Uncommon,"Human,Knight",Creature
Black Lotus,{0},,,Christopher Rush,,Artifact,"{T}, Sacrifice Black Lotus: Add three mana of any one color to your mana pool.","LEA,LEB,2ED,CED,CEI,VMA",,normal,3,,,Rare,,Artifact
Black Vise,{1},1,,Richard Thomas,,Artifact,"As Black Vise enters the battlefield, choose an opponent.\nAt the beginning of the chosen player's upkeep, Black Vise deals X damage to that player, where X is the number of cards in his or her hand minus 4.","LEA,LEB,2ED,CED,CEI,3ED,4ED,ME3,V10",,normal,4,,,Uncommon,,Artifact
Black Ward,{W},1,W,Dan Frazier,,Enchantment — Aura,Enchant creature\nEnchanted creature has protection from black. This effect doesn't remove Black Ward.,"LEA,LEB,2ED,CED,CEI,3ED,4ED",,normal,236,,,Uncommon,Aura,Enchantment
Blaze of Glory,{W},1,W,Richard Thomas,,Instant,Cast Blaze of Glory only during combat before blockers are declared.\nTarget creature defending player controls can block any number of creatures this turn. It blocks each attacking creature this turn if able.,"LEA,LEB,2ED,CED,CEI,ME4",,normal,237,,,Rare,,Instant
Blessing,{W}{W},2,W,Julie Baroh,,Enchantment — Aura,Enchant creature\n{W}: Enchanted creature gets +1/+1 until end of turn.,"LEA,LEB,2ED,CED,CEI,3ED,4ED,M14",,normal,238,,,Rare,Aura,Enchantment
Blue Elemental Blast,{U},1,U,Richard Thomas,,Instant,Choose one —\n• Counter target red spell.\n• Destroy target red permanent.,"LEA,LEB,2ED,CED,CEI,3ED,pMEI,4ED,ME4",,normal,97,,,Common,,Instant
Blue Ward,{W},1,W,Dan Frazier,,Enchantment — Aura,Enchant creature\nEnchanted creature has protection from blue. This effect doesn't remove Blue Ward.,"LEA,LEB,2ED,CED,CEI,3ED,4ED",,normal,239,,,Uncommon,Aura,Enchantment
Bog Wraith,{3}{B},4,B,Jeff A. Menges,,Creature — Wraith,Swampwalk (This creature can't be blocked as long as defending player controls a Swamp.),"LEA,LEB,2ED,CED,CEI,3ED,4ED,RQS,ITP,5ED,POR,6ED,S99,7ED,8ED,9ED,10E,M10",'Twas in the bogs of Cannelbrae\nMy mate did meet an early grave\n'Twas nothing left for us to save\nIn the peat-filled bogs of Cannelbrae.,normal,51,3,3,Uncommon,Wraith,Creature
Braingeyser,{X}{U}{U},2,U,Mark Tedin,,Sorcery,Target player draws X cards.,"LEA,LEB,2ED,CED,CEI,3ED,ME4",,normal,98,,,Rare,,Sorcery
Burrowing,{R},1,R,Mark Poole,,Enchantment — Aura,Enchant creature\nEnchanted creature has mountainwalk. (It can't be blocked as long as defending player controls a Mountain.),"LEA,LEB,2ED,CED,CEI,3ED,4ED,6ED",,normal,186,,,Uncommon,Aura,Enchantment
Camouflage,{G},1,G,Jesper Myrfors,,Instant,"Cast Camouflage only during your declare attackers step.\nThis turn, instead of declaring blockers, each defending player chooses any number of creatures he or she controls and divides them into a number of piles equal to the number of attacking creatures for whom that player is the defending player. Creatures he or she controls that can block additional creatures may likewise be put into additional piles. Assign each pile to a different one of those attacking creatures at random. Each creature in a pile that can block the creature that pile is assigned to does so. (Piles can be empty.)","LEA,LEB,2ED,CED,CEI",,normal,143,,,Uncommon,,Instant
Castle,{3}{W},4,W,Dameon Willich,,Enchantment,Untapped creatures you control get +0/+2.,"LEA,LEB,2ED,CED,CEI,3ED,4ED,5ED,6ED,7ED",,normal,240,,,Uncommon,,Enchantment
Celestial Prism,{3},3,,Amy Weber,,Artifact,"{2}, {T}: Add one mana of any color to your mana pool.","LEA,LEB,2ED,CED,CEI,3ED,4ED",,normal,5,,,Uncommon,,Artifact
Channel,{G}{G},2,G,Richard Thomas,,Sorcery,"Until end of turn, any time you could activate a mana ability, you may pay 1 life. If you do, add {C} to your mana pool.","LEA,LEB,2ED,CED,CEI,3ED,4ED,V09,ME4,VMA",,normal,144,,,Uncommon,,Sorcery
Chaos Orb,{2},2,,Mark Tedin,,Artifact,"{1}, {T}: If Chaos Orb is on the battlefield, flip Chaos Orb onto the battlefield from a height of at least one foot. If Chaos Orb turns over completely at least once during the flip, destroy all nontoken permanents it touches. Then destroy Chaos Orb.","LEA,LEB,2ED,CED,CEI",,normal,6,,,Rare,,Artifact
Chaoslace,{R},1,R,Dameon Willich,,Instant,Target spell or permanent becomes red. (Its mana symbols remain unchanged.),"LEA,LEB,2ED,CED,CEI,3ED,4ED",,normal,187,,,Rare,,Instant
Circle of Protection: Blue,{1}{W},2,W,Dameon Willich,,Enchantment,"{1}: The next time a blue source of your choice would deal damage to you this turn, prevent that damage.","LEA,LEB,2ED,CED,CEI,3ED,4ED,ICE,5ED,TMP,6ED,7ED,8ED",,normal,241,,,Common,,Enchantment
Circle of Protection: Green,{1}{W},2,W,Sandra Everingham,,Enchantment,"{1}: The next time a green source of your choice would deal damage to you this turn, prevent that damage.","LEA,LEB,2ED,CED,CEI,3ED,4ED,ICE,5ED,TMP,6ED,7ED,8ED",,normal,242,,,Common,,Enchantment
Circle of Protection: Red,{1}{W},2,W,Mark Tedin,,Enchantment,"{1}: The next time a red source of your choice would deal damage to you this turn, prevent that damage.","LEA,LEB,2ED,CED,CEI,3ED,4ED,ICE,RQS,ITP,5ED,TMP,6ED,pFNM,7ED,8ED,9ED",,normal,243,,,Common,,Enchantment
Circle of Protection: White,{1}{W},2,W,Douglas Shuler,,Enchantment,"{1}: The next time a white source of your choice would deal damage to you this turn, prevent that damage.","LEA,LEB,2ED,CED,CEI,3ED,4ED,ICE,5ED,TMP,6ED,7ED,8ED",,normal,244,,,Common,,Enchantment
Clockwork Beast,{6},6,,Drew Tucker,,Artifact Creature — Beast,"Clockwork Beast enters the battlefield with seven +1/+0 counters on it.\nAt end of combat, if Clockwork Beast attacked or blocked this combat, remove a +1/+0 counter from it.\n{X}, {T}: Put up to X +1/+0 counters on Clockwork Beast. This ability can't cause the total number of +1/+0 counters on Clockwork Beast to be greater than seven. Activate this ability only during your upkeep.","LEA,LEB,2ED,CED,CEI,3ED,4ED,RQS,ITP,5ED,BTD,MED",,normal,7,0,4,Rare,Beast,"Artifact,Creature"
Clone,{3}{U},4,U,Julie Baroh,,Creature — Shapeshifter,You may have Clone enter the battlefield as a copy of any creature on the battlefield.,"LEA,LEB,2ED,CED,CEI,3ED,ONS,9ED,10E,M10,M11,DDI,M13,M14",,normal,99,0,0,Uncommon,Shapeshifter,Creature
Cockatrice,{3}{G}{G},5,G,Dan Frazier,,Creature — Cockatrice,"Flying\nWhenever Cockatrice blocks or becomes blocked by a non-Wall creature, destroy that creature at end of combat.","LEA,LEB,2ED,CED,CEI,3ED,4ED,5ED,TSB",,normal,145,2,4,Rare,Cockatrice,Creature
Consecrate Land,{W},1,W,Jeff A. Menges,,Enchantment — Aura,Enchant land\nEnchanted land has indestructible and can't be enchanted by other Auras.,"LEA,LEB,2ED,CED,CEI,TSB",,normal,245,,,Uncommon,Aura,Enchantment
Conservator,{4},4,,Amy Weber,,Artifact,"{3}, {T}: Prevent the next 2 damage that would be dealt to you this turn.","LEA,LEB,2ED,CED,CEI,3ED,4ED",,normal,8,,,Uncommon,,Artifact
Contract from Below,{B},1,B,Douglas Shuler,,Sorcery,"Remove Contract from Below from your deck before playing if you're not playing for ante.\nDiscard your hand, ante the top card of your library, then draw seven cards.","LEA,LEB,2ED,CED,CEI,3ED",,normal,52,,,Rare,,Sorcery
Control Magic,{2}{U}{U},4,U,Dameon Willich,,Enchantment — Aura,Enchant creature\nYou control enchanted creature.,"LEA,LEB,2ED,CED,CEI,3ED,4ED,BRB,ME4,C13,DDM,VMA,EMA",,normal,100,,,Uncommon,Aura,Enchantment
Conversion,{2}{W}{W},4,W,Jesper Myrfors,,Enchantment,"At the beginning of your upkeep, sacrifice Conversion unless you pay {W}{W}.\nAll Mountains are Plains.","LEA,LEB,2ED,CED,CEI,3ED,4ED,ME4",,normal,246,,,Uncommon,,Enchantment
Copper Tablet,{2},2,,Amy Weber,,Artifact,"At the beginning of each player's upkeep, Copper Tablet deals 1 damage to that player.","LEA,LEB,2ED,CED,CEI,MED",,normal,9,,,Uncommon,,Artifact
Copy Artifact,{1}{U},2,U,Amy Weber,,Enchantment,"You may have Copy Artifact enter the battlefield as a copy of any artifact on the battlefield, except it's an enchantment in addition to its other types.","LEA,LEB,2ED,CED,CEI,3ED,ME4",,normal,101,,,Rare,,Enchantment
Counterspell,{U}{U},2,U,Mark Poole,,Instant,Counter target spell.,"LEA,LEB,2ED,CED,CEI,3ED,pLGM,4ED,ICE,5ED,TMP,pJGP,6ED,S99,MMQ,BRB,pFNM,S00,BTD,7ED,ME2,DD2,ME4,VMA,DD3_JVC,TPR,EMA",,normal,102,,,Uncommon,,Instant
Craw Wurm,{4}{G}{G},6,G,Daniel Gelon,,Creature — Wurm,,"LEA,LEB,2ED,CED,CEI,3ED,4ED,5ED,8ED,9ED,10E,M10",The most terrifying thing about the Craw Wurm is probably the horrible crashing sound it makes as it speeds through the forest. This noise is so loud it echoes through the trees and seems to come from all directions at once.,normal,146,6,4,Common,Wurm,Creature
Creature Bond,{1}{U},2,U,Anson Maddocks,,Enchantment — Aura,"Enchant creature\nWhen enchanted creature dies, Creature Bond deals damage equal to that creature's toughness to the creature's controller.","LEA,LEB,2ED,CED,CEI,3ED,4ED",,normal,103,,,Common,Aura,Enchantment
Crusade,{W}{W},2,W,Mark Poole,,Enchantment,White creatures get +1/+1.,"LEA,LEB,2ED,CED,CEI,3ED,4ED,5ED,6ED,pSUS,MED,DDF",,normal,247,,,Rare,,Enchantment
Crystal Rod,{1},1,,Amy Weber,,Artifact,"Whenever a player casts a blue spell, you may pay {1}. If you do, you gain 1 life.","LEA,LEB,2ED,CED,CEI,3ED,4ED,5ED,6ED,7ED,8ED",,normal,10,,,Uncommon,,Artifact
Cursed Land,{2}{B}{B},4,B,Jesper Myrfors,,Enchantment — Aura,"Enchant land\nAt the beginning of the upkeep of enchanted land's controller, Cursed Land deals 1 damage to that player.","LEA,LEB,2ED,CED,CEI,3ED,4ED,RQS,ITP,5ED",,normal,53,,,Uncommon,Aura,Enchantment
Cyclopean Tomb,{4},4,,Anson Maddocks,,Artifact,"{2}, {T}: Put a mire counter on target non-Swamp land. That land is a Swamp for as long as it has a mire counter on it. Activate this ability only during your upkeep.\nWhen Cyclopean Tomb is put into a graveyard from the battlefield, at the beginning of each of your upkeeps for the rest of the game, remove all mire counters from a land that a mire counter was put onto with Cyclopean Tomb but that a mire counter has not been removed from with Cyclopean Tomb.","LEA,LEB,2ED,CED,CEI,ME4",,normal,11,,,Rare,,Artifact
Dark Ritual,{B},1,B,Sandra Everingham,,Instant,Add {B}{B}{B} to your mana pool.,"LEA,LEB,2ED,CED,CEI,3ED,4ED,ICE,RQS,MIR,ITP,5ED,TMP,pJGP,USG,MMQ,BRB,BTD,DKM,CST,DDC,HOP,DDE,ME4,V13,VMA,DD3_DVD,TPR",,normal,54,,,Common,,Instant
Darkpact,{B}{B}{B},3,B,Quinton Hoover,,Sorcery,Remove Darkpact from your deck before playing if you're not playing for ante.\nYou own target card in the ante. Exchange that card with the top card of your library.,"LEA,LEB,2ED,CED,CEI,3ED",,normal,55,,,Rare,,Sorcery
Death Ward,{W},1,W,Mark Poole,,Instant,Regenerate target creature.,"LEA,LEB,2ED,CED,CEI,3ED,4ED,ICE,5ED,MED",,normal,248,,,Common,,Instant
Deathgrip,{B}{B},2,B,Anson Maddocks,,Enchantment,{B}{B}: Counter target green spell.,"LEA,LEB,2ED,CED,CEI,3ED,4ED,5ED,ME4",,normal,56,,,Uncommon,,Enchantment
Deathlace,{B},1,B,Sandra Everingham,,Instant,Target spell or permanent becomes black. (Mana symbols on that permanent remain unchanged.),"LEA,LEB,2ED,CED,CEI,3ED,4ED",,normal,57,,,Rare,,Instant
Demonic Attorney,{1}{B}{B},3,B,Daniel Gelon,,Sorcery,Remove Demonic Attorney from your deck before playing if you're not playing for ante.\nEach player antes the top card of his or her library.,"LEA,LEB,2ED,CED,CEI,3ED",,normal,58,,,Rare,,Sorcery
Demonic Hordes,{3}{B}{B}{B},6,B,Jesper Myrfors,,Creature — Demon,"{T}: Destroy target land.\nAt the beginning of your upkeep, unless you pay {B}{B}{B}, tap Demonic Hordes and sacrifice a land of an opponent's choice.","LEA,LEB,2ED,CED,CEI,3ED,ME4","Created to destroy Dominia, Demons can sometimes be bent to a more focused purpose.",normal,59,5,5,Rare,Demon,Creature
Demonic Tutor,{1}{B},2,B,Douglas Shuler,,Sorcery,Search your library for a card and put that card into your hand. Then shuffle your library.,"LEA,LEB,2ED,CED,CEI,3ED,pJGP,DDC,ME4,VMA,DD3_DVD",,normal,60,,,Uncommon,,Sorcery
Dingus Egg,{4},4,,Dan Frazier,,Artifact,"Whenever a land is put into a graveyard from the battlefield, Dingus Egg deals 2 damage to that land's controller.","LEA,LEB,2ED,CED,CEI,3ED,4ED,5ED,6ED,7ED,8ED",,normal,12,,,Rare,,Artifact
Disenchant,{1}{W},2,W,Amy Weber,,Instant,Destroy target artifact or enchantment.,"LEA,LEB,2ED,CED,CEI,3ED,4ED,ICE,pARL,MIR,5ED,TMP,USG,ATH,6ED,MMQ,BRB,pFNM,S00,7ED,pMPR,CST,TSB,ME2,ME3,TPR",,normal,249,,,Common,,Instant
Disintegrate,{X}{R},1,R,Anson Maddocks,,Sorcery,"Disintegrate deals X damage to target creature or player. That creature can't be regenerated this turn. If the creature would die this turn, exile it instead.","LEA,LEB,2ED,CED,CEI,3ED,4ED,RQS,ITP,5ED,TSB",,normal,188,,,Common,,Sorcery
Disrupting Scepter,{3},3,,Dan Frazier,,Artifact,"{3}, {T}: Target player discards a card. Activate this ability only during your turn.","LEA,LEB,2ED,CED,CEI,3ED,4ED,5ED,6ED,7ED,8ED,9ED",,normal,13,,,Rare,,Artifact
Dragon Whelp,{2}{R}{R},4,R,Amy Weber,,Creature — Dragon,"Flying\n{R}: Dragon Whelp gets +1/+0 until end of turn. If this ability has been activated four or more times this turn, sacrifice Dragon Whelp at the beginning of the next end step.","LEA,LEB,2ED,CED,CEI,3ED,4ED,TSB,DRB,M10,ARC,DDG,CMD","""O to be a dragon . . . of silkworm size or immense . . .""\n—Marianne Moore, ""O to Be a Dragon""",normal,189,2,3,Uncommon,Dragon,Creature
Drain Life,{X}{1}{B},2,B,Douglas Shuler,,Sorcery,"Spend only black mana on X.\nDrain Life deals X damage to target creature or player. You gain life equal to the damage dealt, but not more life than the player's life total before Drain Life dealt damage or the creature's toughness.","LEA,LEB,2ED,CED,CEI,3ED,4ED,MIR,5ED,pFNM,BTD",,normal,61,,,Common,,Sorcery
Drain Power,{U}{U},2,U,Douglas Shuler,,Sorcery,Target player activates a mana ability of each land he or she controls. Then put all mana from that player's mana pool into yours.,"LEA,LEB,2ED,CED,CEI,3ED,4ED,5ED,ME4",,normal,104,,,Rare,,Sorcery
Drudge Skeletons,{1}{B},2,B,Sandra Everingham,,Creature — Skeleton,"{B}: Regenerate Drudge Skeletons. (The next time this creature would be destroyed this turn, it isn't. Instead tap it, remove all damage from it, and remove it from combat.)","LEA,LEB,2ED,CED,CEI,3ED,4ED,5ED,6ED,S00,7ED,8ED,9ED,10E,M10,DDD,DPA,DD3_GVL","Bones scattered around us joined to form misshapen bodies. We struck at them repeatedly—they fell, but soon formed again, with the same mocking look on their faceless skulls.",normal,62,1,1,Common,Skeleton,Creature
Dwarven Demolition Team,{2}{R},3,R,Kev Brockschmidt,,Creature — Dwarf,{T}: Destroy target Wall.,"LEA,LEB,2ED,CED,CEI,8ED","Foolishly, Najib retreated to his castle at El-Abar; the next morning he was dead. In just one night, the dwarven forces had reduced the mighty walls to mere rubble.",normal,190,1,1,Uncommon,Dwarf,Creature
Dwarven Warriors,{2}{R},3,R,Douglas Shuler,,Creature — Dwarf Warrior,{T}: Target creature with power 2 or less can't be blocked this turn.,"LEA,LEB,2ED,CED,CEI,3ED,4ED,5ED",,normal,191,1,1,Common,"Dwarf,Warrior",Creature
Earth Elemental,{3}{R}{R},5,R,Dan Frazier,,Creature — Elemental,,"LEA,LEB,2ED,CED,CEI,3ED,4ED,S99,10E,DPA","Earth Elementals have the eternal strength of stone and the endurance of mountains. Primordially connected to the land they inhabit, they take a long-term view of things, scorning the impetuous haste of short-lived mortal creatures.",normal,192,4,5,Uncommon,Elemental,Creature
Earthbind,{R},1,R,Quinton Hoover,,Enchantment — Aura,"Enchant creature\nWhen Earthbind enters the battlefield, if enchanted creature has flying, Earthbind deals 2 damage to that creature and Earthbind gains ""Enchanted creature loses flying.""","LEA,LEB,2ED,CED,CEI,3ED",,normal,193,,,Common,Aura,Enchantment
Earthquake,{X}{R},1,R,Dan Frazier,,Sorcery,Earthquake deals X damage to each creature without flying and each player.,"LEA,LEB,2ED,CED,CEI,3ED,4ED,5ED,POR,PO2,6ED,7ED,M10,CMD,C15",,normal,194,,,Rare,,Sorcery
Elvish Archers,{1}{G},2,G,Anson Maddocks,,Creature — Elf Archer,First strike,"LEA,LEB,2ED,CED,CEI,3ED,4ED,RQS,ITP,5ED,6ED,7ED","I tell you, there was so many arrows flying about you couldn't hardly see the sun. So I says to young Angus, ""Well, at least now we're fighting in the shade!""",normal,147,2,1,Rare,"Elf,Archer",Creature
Evil Presence,{B},1,B,Sandra Everingham,,Enchantment — Aura,Enchant land\nEnchanted land is a Swamp.,"LEA,LEB,2ED,CED,CEI,3ED,4ED,5ED,ME3,NPH",,normal,63,,,Uncommon,Aura,Enchantment
False Orders,{R},1,R,Anson Maddocks,,Instant,Cast False Orders only during the declare blockers step.\nRemove target creature defending player controls from combat. Creatures it was blocking that had become blocked by only that creature this combat become unblocked. You may have it block an attacking creature of your choice.,"LEA,LEB,2ED,CED,CEI",,normal,195,,,Common,,Instant
Farmstead,{W}{W}{W},3,W,Mark Poole,,Enchantment — Aura,"Enchant land\nEnchanted land has ""At the beginning of your upkeep, you may pay {W}{W}. If you do, you gain 1 life.""","LEA,LEB,2ED,CED,CEI,3ED",,normal,250,,,Rare,Aura,Enchantment
Fastbond,{G},1,G,Mark Poole,,Enchantment,"You may play any number of lands on each of your turns.\nWhenever you play a land, if it wasn't the first land you played this turn, Fastbond deals 1 damage to you.","LEA,LEB,2ED,CED,CEI,3ED,ME4,VMA",,normal,148,,,Rare,,Enchantment
Fear,{B}{B},2,B,Mark Poole,,Enchantment — Aura,Enchant creature (Target a creature as you cast this. This card enters the battlefield attached to that creature.)\nEnchanted creature has fear. (It can't be blocked except by artifact creatures and/or black creatures.),"LEA,LEB,2ED,CED,CEI,3ED,4ED,ICE,5ED,6ED,7ED,8ED,9ED,10E",,normal,64,,,Common,Aura,Enchantment
Feedback,{2}{U},3,U,Quinton Hoover,,Enchantment — Aura,"Enchant enchantment\nAt the beginning of the upkeep of enchanted enchantment's controller, Feedback deals 1 damage to that player.","LEA,LEB,2ED,CED,CEI,3ED,4ED,RQS,ITP,5ED",,normal,105,,,Uncommon,Aura,Enchantment
Fire Elemental,{3}{R}{R},5,R,Melissa A. Benson,,Creature — Elemental,,"LEA,LEB,2ED,CED,CEI,3ED,4ED,6ED,S99,7ED,M13","Fire Elementals are ruthless infernos, annihilating and consuming their foes in a frenzied holocaust. Crackling and blazing, they sear swift, terrible paths, leaving the land charred and scorched in their wake.",normal,196,5,4,Uncommon,Elemental,Creature
Fireball,{X}{R},1,R,Mark Tedin,,Sorcery,"Fireball deals X damage divided evenly, rounded down, among any number of target creatures and/or players.\nFireball costs {1} more to cast for each target beyond the first.","LEA,LEB,2ED,CED,CEI,3ED,pMEI,4ED,RQS,pARL,ITP,5ED,ATH,BTD,pMPR,DST,DD2,M10,ARC,M11,PD2,ME4,M12,C13,DD3_JVC",,normal,197,,,Common,,Sorcery
Firebreathing,{R},1,R,Dan Frazier,,Enchantment — Aura,Enchant creature\n{R}: Enchanted creature gets +1/+0 until end of turn.,"LEA,LEB,2ED,CED,CEI,3ED,4ED,MIR,5ED,6ED,9ED,10E,M10,M12","""And topples round the dreary west\nA looming bastion fringed with fire.""\n—Alfred, Lord Tennyson, ""In Memoriam""",normal,198,,,Common,Aura,Enchantment
Flashfires,{3}{R},4,R,Dameon Willich,,Sorcery,Destroy all Plains.,"LEA,LEB,2ED,CED,CEI,3ED,4ED,5ED,POR,6ED,8ED,9ED",,normal,199,,,Uncommon,,Sorcery
Flight,{U},1,U,Anson Maddocks,,Enchantment — Aura,Enchant creature\nEnchanted creature has flying.,"LEA,LEB,2ED,CED,CEI,3ED,4ED,5ED,6ED,S00,7ED,8ED,9ED,M12",,normal,106,,,Common,Aura,Enchantment
Fog,{G},1,G,Jesper Myrfors,,Instant,Prevent all combat damage that would be dealt this turn.,"LEA,LEB,2ED,CED,CEI,3ED,4ED,MIR,5ED,6ED,BTD,7ED,M10,ARC,M11,ME4,M12,M13,M14,EMA",,normal,149,,,Common,,Instant
Force of Nature,{2}{G}{G}{G}{G},6,G,Douglas Shuler,,Creature — Elemental,"Trample (This creature can deal excess combat damage to defending player or planeswalker while attacking.)\nAt the beginning of your upkeep, Force of Nature deals 8 damage to you unless you pay {G}{G}{G}{G}.","LEA,LEB,2ED,CED,CEI,3ED,4ED,5ED,BTD,pREL,9ED,ME4",,normal,150,8,8,Rare,Elemental,Creature
Forcefield,{3},3,,Dan Frazier,,Artifact,"{1}: The next time an unblocked creature of your choice would deal combat damage to you this turn, prevent all but 1 of that damage.","LEA,LEB,2ED,CED,CEI,MED",,normal,14,,,Rare,,Artifact
Forest,,,G,Christopher Rush,,Basic Land — Forest,,"LEA,LEB,2ED,CED,CEI,3ED,4ED,ICE,RQS,pARL,MIR,ITP,5ED,POR,TMP,pJGP,PO2,UGL,pALP,USG,ATH,6ED,PTK,S99,pGRU,MMQ,BRB,pELP,S00,BTD,INV,7ED,ODY,DKM,ONS,8ED,MRD,CHK,UNH,9ED,RAV,CST,TSP,10E,MED,LRW,EVG,SHM,ALA,M10,HOP,ME3,ZEN,DDD,H09,DDE,ROE,DPA,ARC,M11,SOM,MBS,DDG,NPH,CMD,M12,DDH,ISD,AVR,PC2,M13,DDJ,RTR,M14,DDL,THS,C13,DDM,M15,KTK,C14,DD3_EVG,DD3_GVL,FRF,DDO,DTK,TPR,ORI,DDP,BFZ,C15,SOI",,normal,288,,,Basic Land,Forest,Land
Forest,,,G,Christopher Rush,,Basic Land — Forest,,"LEA,LEB,2ED,CED,CEI,3ED,4ED,ICE,RQS,pARL,MIR,ITP,5ED,POR,TMP,pJGP,PO2,UGL,pALP,USG,ATH,6ED,PTK,S99,pGRU,MMQ,BRB,pELP,S00,BTD,INV,7ED,ODY,DKM,ONS,8ED,MRD,CHK,UNH,9ED,RAV,CST,TSP,10E,MED,LRW,EVG,SHM,ALA,M10,HOP,ME3,ZEN,DDD,H09,DDE,ROE,DPA,ARC,M11,SOM,MBS,DDG,NPH,CMD,M12,DDH,ISD,AVR,PC2,M13,DDJ,RTR,M14,DDL,THS,C13,DDM,M15,KTK,C14,DD3_EVG,DD3_GVL,FRF,DDO,DTK,TPR,ORI,DDP,BFZ,C15,SOI",,normal,289,,,Basic Land,Forest,Land
Fork,{R}{R},2,R,Amy Weber,,Instant,"Copy target instant or sorcery spell, except that the copy is red. You may choose new targets for the copy.","LEA,LEB,2ED,CED,CEI,3ED,ME4",,normal,200,,,Rare,,Instant
Frozen Shade,{2}{B},3,B,Douglas Shuler,,Creature — Shade,{B}: Frozen Shade gets +1/+1 until end of turn.,"LEA,LEB,2ED,CED,CEI,3ED,4ED,5ED","""There are some qualities—some incorporate things,/ That have a double life, which thus is made/ A type of twin entity which springs/ From matter and light, evinced in solid and shade.""\n—Edgar Allan Poe, ""Silence""",normal,65,0,1,Common,Shade,Creature
Fungusaur,{3}{G},4,G,Daniel Gelon,,Creature — Fungus Lizard,"Whenever Fungusaur is dealt damage, put a +1/+1 counter on it.","LEA,LEB,2ED,CED,CEI,3ED,4ED,5ED,8ED","Rather than sheltering her young, the female Fungusaur often injures her own offspring, thereby ensuring their rapid growth.",normal,151,2,2,Rare,"Fungus,Lizard",Creature
Gaea's Liege,{3}{G}{G}{G},6,G,Dameon Willich,,Creature — Avatar,"As long as Gaea's Liege isn't attacking, its power and toughness are each equal to the number of Forests you control. As long as Gaea's Liege is attacking, its power and toughness are each equal to the number of Forests defending player controls.\n{T}: Target land becomes a Forest until Gaea's Liege leaves the battlefield.","LEA,LEB,2ED,CED,CEI,3ED,4ED,TSB",,normal,152,*,*,Rare,Avatar,Creature
Gauntlet of Might,{4},4,R,Christopher Rush,,Artifact,"Red creatures get +1/+1.\nWhenever a Mountain is tapped for mana, its controller adds {R} to his or her mana pool (in addition to the mana the land produces).","LEA,LEB,2ED,CED,CEI,ME4",,normal,15,,,Rare,,Artifact
Giant Growth,{G},1,G,Sandra Everingham,,Instant,Target creature gets +3/+3 until end of turn.,"LEA,LEB,2ED,CED,CEI,3ED,4ED,ICE,5ED,ATH,6ED,BRB,pSUS,pFNM,S00,BTD,7ED,pMPR,DKM,8ED,9ED,10E,EVG,ME2,M10,ME3,DDD,DPA,M11,ME4,RTR,M14,DD3_EVG,DD3_GVL",,normal,153,,,Common,,Instant
Giant Spider,{3}{G},4,G,Sandra Everingham,,Creature — Spider,Reach (This creature can block creatures with flying.),"LEA,LEB,2ED,CED,CEI,3ED,4ED,5ED,POR,ATH,6ED,7ED,8ED,9ED,10E,M10,DPA,M11,M12,M14","While it possesses potent venom, the Giant Spider often chooses not to paralyze its victims. Perhaps the creature enjoys the gentle rocking motion caused by its captives' struggles to escape its web.",normal,154,2,4,Common,Spider,Creature
Glasses of Urza,{1},1,,Douglas Shuler,,Artifact,{T}: Look at target player's hand.,"LEA,LEB,2ED,CED,CEI,3ED,4ED,RQS,ITP,5ED,6ED,ME4",,normal,16,,,Uncommon,,Artifact
Gloom,{2}{B},3,B,Dan Frazier,,Enchantment,White spells cost {3} more to cast.\nActivated abilities of white enchantments cost {3} more to activate.,"LEA,LEB,2ED,CED,CEI,3ED,4ED,5ED,ME4",,normal,66,,,Uncommon,,Enchantment
Goblin Balloon Brigade,{R},1,R,Andi Rusu,,Creature — Goblin Warrior,{R}: Goblin Balloon Brigade gains flying until end of turn.,"LEA,LEB,2ED,CED,CEI,3ED,4ED,ATH,9ED,M11","""From up here we can drop rocks and arrows and more rocks!"" ""Uh, yeah boss, but how do we get down?""",normal,201,1,1,Uncommon,"Goblin,Warrior",Creature
Goblin King,{1}{R}{R},3,R,Jesper Myrfors,,Creature — Goblin,Other Goblin creatures get +1/+1 and have mountainwalk. (They can't be blocked as long as defending player controls a Mountain.),"LEA,LEB,2ED,CED,CEI,3ED,4ED,5ED,ATH,6ED,7ED,8ED,9ED,10E","To become king of the Goblins, one must assassinate the previous king. Thus, only the most foolish seek positions of leadership.",normal,202,2,2,Rare,Goblin,Creature
Granite Gargoyle,{2}{R},3,R,Christopher Rush,,Creature — Gargoyle,Flying\n{R}: Granite Gargoyle gets +0/+1 until end of turn.,"LEA,LEB,2ED,CED,CEI,3ED,MED","""While most overworlders fortunately don't realize this, Gargoyles can be most delicious, providing you have the appropriate tools to carve them.""\n—The Underworld Cookbook, by Asmoranomardicadaistinaculdacar",normal,203,2,2,Rare,Gargoyle,Creature
Gray Ogre,{2}{R},3,R,Dan Frazier,,Creature — Ogre,,"LEA,LEB,2ED,CED,CEI,3ED,4ED","The Ogre philosopher Gnerdel believed the purpose of life was to live as high on the food chain as possible. She refused to eat vegetarians, and preferred to live entirely on creatures that preyed on sentient beings.",normal,204,2,2,Common,Ogre,Creature
Green Ward,{W},1,W,Dan Frazier,,Enchantment — Aura,Enchant creature\nEnchanted creature has protection from green. This effect doesn't remove Green Ward.,"LEA,LEB,2ED,CED,CEI,3ED,4ED",,normal,251,,,Uncommon,Aura,Enchantment
Grizzly Bears,{1}{G},2,G,Jeff A. Menges,,Creature — Bear,,"LEA,LEB,2ED,CED,CEI,3ED,4ED,RQS,ITP,5ED,POR,6ED,S99,7ED,8ED,9ED,10E","Don't try to outrun one of Dominia's Grizzlies; it'll catch you, knock you down, and eat you. Of course, you could run up a tree. In that case you'll get a nice view before it knocks the tree down and eats you.",normal,155,2,2,Common,Bear,Creature
Guardian Angel,{X}{W},1,W,Anson Maddocks,,Instant,"Prevent the next X damage that would be dealt to target creature or player this turn. Until end of turn, you may pay {1} any time you could cast an instant. If you do, prevent the next 1 damage that would be dealt to that creature or player this turn.","LEA,LEB,2ED,CED,CEI,3ED",,normal,252,,,Common,,Instant
Healing Salve,{W},1,W,Dan Frazier,,Instant,Choose one —\n• Target player gains 3 life.\n• Prevent the next 3 damage that would be dealt to target creature or player this turn.,"LEA,LEB,2ED,CED,CEI,3ED,4ED,RQS,MIR,ITP,5ED,USG,6ED,BRB,7ED,8ED,DDC,ME4,DD3_DVD",,normal,253,,,Common,,Instant
Helm of Chatzuk,{1},1,,Mark Tedin,,Artifact,"{1}, {T}: Target creature gains banding until end of turn. (Any creatures with banding, and up to one without, can attack in a band. Bands are blocked as a group. If any creatures with banding a player controls are blocking or being blocked by a creature, that player divides that creature's combat damage, not its controller, among any of the creatures it's being blocked by or is blocking.)","LEA,LEB,2ED,CED,CEI,3ED,4ED,5ED",,normal,17,,,Rare,,Artifact
Hill Giant,{3}{R},4,R,Dan Frazier,,Creature — Giant,,"LEA,LEB,2ED,CED,CEI,3ED,4ED,RQS,ITP,5ED,POR,7ED,8ED,9ED,10E,DPA","Fortunately, Hill Giants have large blind spots in which a human can easily hide. Unfortunately, these blind spots are beneath the bottoms of their feet.",normal,205,3,3,Common,Giant,Creature
Holy Armor,{W},1,W,Melissa A. Benson,,Enchantment — Aura,Enchant creature\nEnchanted creature gets +0/+2.\n{W}: Enchanted creature gets +0/+1 until end of turn.,"LEA,LEB,2ED,CED,CEI,3ED,4ED",,normal,254,,,Common,Aura,Enchantment
Holy Strength,{W},1,W,Anson Maddocks,,Enchantment — Aura,Enchant creature\nEnchanted creature gets +1/+2.,"LEA,LEB,2ED,CED,CEI,3ED,4ED,5ED,7ED,8ED,9ED,10E,M10,M11",,normal,255,,,Common,Aura,Enchantment
Howl from Beyond,{X}{B},1,B,Mark Poole,,Instant,Target creature gets +X/+0 until end of turn.,"LEA,LEB,2ED,CED,CEI,3ED,4ED,ICE,5ED,6ED,7ED,ME4",,normal,67,,,Common,,Instant
Howling Mine,{2},2,,Mark Poole,,Artifact,"At the beginning of each player's draw step, if Howling Mine is untapped, that player draws an additional card.","LEA,LEB,2ED,CED,CEI,3ED,4ED,5ED,6ED,7ED,8ED,9ED,10E,M10,CMD",,normal,18,,,Rare,,Artifact
Hurloon Minotaur,{1}{R}{R},3,R,Anson Maddocks,,Creature — Minotaur,,"LEA,LEB,2ED,CED,CEI,3ED,4ED,5ED,ME3","The Minotaurs of the Hurloon Mountains are known for their love of battle. They are also known for their hymns to the dead, sung for friend and foe alike. These hymns can last for days, filling the mountain valleys with their low, haunting sounds.",normal,206,2,3,Common,Minotaur,Creature
Hurricane,{X}{G},1,G,Dameon Willich,,Sorcery,Hurricane deals X damage to each creature with flying and each player.,"LEA,LEB,2ED,CED,CEI,3ED,4ED,ICE,5ED,POR,PO2,ATH,6ED,BRB,7ED,DKM,10E",,normal,156,,,Uncommon,,Sorcery
Hypnotic Specter,{1}{B}{B},3,B,Douglas Shuler,,Creature — Specter,"Flying\nWhenever Hypnotic Specter deals damage to an opponent, that player discards a card at random.","LEA,LEB,2ED,CED,CEI,3ED,4ED,ATH,pMPR,9ED,10E,M10","""...There was no trace/ Of aught on that illumined face...""\n—Samuel Coleridge, ""Phantom""",normal,68,2,2,Uncommon,Specter,Creature
Ice Storm,{2}{G},3,G,Dan Frazier,,Sorcery,Destroy target land.,"LEA,LEB,2ED,CED,CEI,MED",,normal,157,,,Uncommon,,Sorcery
Icy Manipulator,{4},4,,Douglas Shuler,,Artifact,"{1}, {T}: Tap target artifact, creature, or land.","LEA,LEB,2ED,CED,CEI,ICE,pFNM,DKM,MRD,9ED,10E,ME4,DDH",,normal,19,,,Uncommon,,Artifact
Illusionary Mask,{2},2,,Amy Weber,,Artifact,"{X}: You may choose a creature card in your hand whose mana cost could be paid by some amount of, or all of, the mana you spent on {X}. If you do, you may cast that card face down as a 2/2 creature spell without paying its mana cost. If the creature that spell becomes as it resolves has not been turned face up and would assign or deal damage, be dealt damage, or become tapped, instead it's turned face up and assigns or deals damage, is dealt damage, or becomes tapped. Activate this ability only any time you could cast a sorcery.","LEA,LEB,2ED,CED,CEI,ME3",,normal,20,,,Rare,,Artifact
Instill Energy,{G},1,G,Dameon Willich,,Enchantment — Aura,Enchant creature\nEnchanted creature can attack as though it had haste.\n{0}: Untap enchanted creature. Activate this ability only during your turn and only once each turn.,"LEA,LEB,2ED,CED,CEI,3ED,4ED,5ED,ME4",,normal,158,,,Uncommon,Aura,Enchantment
Invisibility,{U}{U},2,U,Anson Maddocks,,Enchantment — Aura,Enchant creature\nEnchanted creature can't be blocked except by Walls.,"LEA,LEB,2ED,CED,CEI,8ED,M15",,normal,107,,,Common,Aura,Enchantment
Iron Star,{1},1,,Dan Frazier,,Artifact,"Whenever a player casts a red spell, you may pay {1}. If you do, you gain 1 life.","LEA,LEB,2ED,CED,CEI,3ED,4ED,5ED,6ED,7ED,8ED",,normal,21,,,Uncommon,,Artifact
Ironclaw Orcs,{1}{R},2,R,Anson Maddocks,,Creature — Orc,Ironclaw Orcs can't block creatures with power 2 or greater.,"LEA,LEB,2ED,CED,CEI,4ED,RQS,ITP,5ED,ME2","Generations of genetic weeding have given rise to the deviously cowardly Ironclaw clan. To say that Orcs in general are vicious, depraved, and ignoble does not do justice to the Ironclaw.",normal,207,2,2,Common,Orc,Creature
Ironroot Treefolk,{4}{G},5,G,Jesper Myrfors,,Creature — Treefolk,,"LEA,LEB,2ED,CED,CEI,3ED,4ED,5ED","The mating habits of Treefolk, particularly the stalwart Ironroot Treefolk, are truly absurd. Molasses comes to mind. It's amazing the species can survive at all given such protracted periods of mate selection, conjugation, and gestation.",normal,159,3,5,Common,Treefolk,Creature
Island,,,U,Mark Poole,,Basic Land — Island,,"LEA,LEB,2ED,CED,CEI,3ED,4ED,ICE,RQS,pARL,MIR,ITP,5ED,POR,TMP,pJGP,PO2,UGL,pALP,USG,6ED,PTK,S99,pGRU,MMQ,BRB,pELP,S00,BTD,INV,7ED,ODY,ONS,8ED,MRD,CHK,UNH,9ED,RAV,CST,TSP,10E,MED,LRW,SHM,ALA,DD2,M10,HOP,ME3,ZEN,H09,DDE,ROE,DPA,ARC,M11,DDF,SOM,MBS,NPH,CMD,M12,DDH,ISD,DDI,AVR,PC2,M13,DDJ,RTR,M14,THS,C13,DDM,M15,DDN,KTK,C14,DD3_JVC,FRF,DDO,DTK,TPR,ORI,BFZ,C15,DDQ,SOI",,normal,292,,,Basic Land,Island,Land
Island,,,U,Mark Poole,,Basic Land — Island,,"LEA,LEB,2ED,CED,CEI,3ED,4ED,ICE,RQS,pARL,MIR,ITP,5ED,POR,TMP,pJGP,PO2,UGL,pALP,USG,6ED,PTK,S99,pGRU,MMQ,BRB,pELP,S00,BTD,INV,7ED,ODY,ONS,8ED,MRD,CHK,UNH,9ED,RAV,CST,TSP,10E,MED,LRW,SHM,ALA,DD2,M10,HOP,ME3,ZEN,H09,DDE,ROE,DPA,ARC,M11,DDF,SOM,MBS,NPH,CMD,M12,DDH,ISD,DDI,AVR,PC2,M13,DDJ,RTR,M14,THS,C13,DDM,M15,DDN,KTK,C14,DD3_JVC,FRF,DDO,DTK,TPR,ORI,BFZ,C15,DDQ,SOI",,normal,293,,,Basic Land,Island,Land
Island Sanctuary,{1}{W},2,W,Mark Poole,,Enchantment,"If you would draw a card during your draw step, instead you may skip that draw. If you do, until your next turn, you can't be attacked except by creatures with flying and/or islandwalk.","LEA,LEB,2ED,CED,CEI,3ED,4ED,5ED,ME4",,normal,256,,,Rare,,Enchantment
Ivory Cup,{1},1,,Anson Maddocks,,Artifact,"Whenever a player casts a white spell, you may pay {1}. If you do, you gain 1 life.","LEA,LEB,2ED,CED,CEI,3ED,4ED,5ED,6ED,7ED,8ED",,normal,22,,,Uncommon,,Artifact
Jade Monolith,{4},4,,Anson Maddocks,,Artifact,"{1}: The next time a source of your choice would deal damage to target creature this turn, that source deals that damage to you instead.","LEA,LEB,2ED,CED,CEI,3ED,4ED,5ED,6ED,ME4",,normal,23,,,Rare,,Artifact
Jade Statue,{4},4,,Dan Frazier,,Artifact,{2}: Jade Statue becomes a 3/6 Golem artifact creature until end of combat. Activate this ability only during combat.,"LEA,LEB,2ED,CED,CEI,9ED","""Some of the other guys dared me to touch it, but I knew it weren't no ordinary hunk o' rock."" —Norin the Wary",normal,24,,,Uncommon,,Artifact
Jayemdae Tome,{4},4,,Mark Tedin,,Artifact,"{4}, {T}: Draw a card.","LEA,LEB,2ED,CED,CEI,3ED,4ED,RQS,ITP,5ED,6ED,7ED,8ED,10E,M13,ORI",,normal,25,,,Rare,,Artifact
Juggernaut,{4},4,,Dan Frazier,,Artifact Creature — Juggernaut,Juggernaut attacks each turn if able.\nJuggernaut can't be blocked by Walls.,"LEA,LEB,2ED,CED,CEI,3ED,pFNM,DST,10E,ARC,M11,DDF,ME4,M15,EMA","We had taken refuge in a small cave, thinking the entrance was too narrow for it to follow. To our horror, its gigantic head smashed into the mountainside, ripping itself a new entrance.",normal,26,5,3,Uncommon,Juggernaut,"Artifact,Creature"
Jump,{U},1,U,Mark Poole,,Instant,Target creature gains flying until end of turn.,"LEA,LEB,2ED,CED,CEI,3ED,4ED,M10",,normal,108,,,Common,,Instant
Karma,{2}{W}{W},4,W,Richard Thomas,,Enchantment,"At the beginning of each player's upkeep, Karma deals damage to that player equal to the number of Swamps he or she controls.","LEA,LEB,2ED,CED,CEI,3ED,4ED,5ED,8ED",,normal,257,,,Uncommon,,Enchantment
Keldon Warlord,{2}{R}{R},4,R,Kev Brockschmidt,,Creature — Human Barbarian,Keldon Warlord's power and toughness are each equal to the number of non-Wall creatures you control.,"LEA,LEB,2ED,CED,CEI,3ED,4ED,5ED,MED",,normal,208,*,*,Uncommon,"Human,Barbarian",Creature
Kormus Bell,{4},4,,Christopher Rush,,Artifact,All Swamps are 1/1 black creatures that are still lands.,"LEA,LEB,2ED,CED,CEI,3ED,4ED,ME4",,normal,27,,,Rare,,Artifact
Kudzu,{1}{G}{G},3,G,Mark Poole,,Enchantment — Aura,"Enchant land\nWhen enchanted land becomes tapped, destroy it. That land's controller attaches Kudzu to a land of his or her choice.","LEA,LEB,2ED,CED,CEI,3ED,ME4",,normal,160,,,Rare,Aura,Enchantment
Lance,{W},1,W,Rob Alexander,,Enchantment — Aura,Enchant creature\nEnchanted creature has first strike.,"LEA,LEB,2ED,CED,CEI,3ED",,normal,258,,,Uncommon,Aura,Enchantment
Ley Druid,{2}{G},3,G,Sandra Everingham,,Creature — Human Druid,{T}: Untap target land.,"LEA,LEB,2ED,CED,CEI,3ED,4ED,5ED,9ED","After years of training, the Druid becomes one with nature, drawing power from the land and returning it when needed.",normal,161,1,1,Uncommon,"Human,Druid",Creature
Library of Leng,{1},1,,Daniel Gelon,,Artifact,"You have no maximum hand size.\nIf an effect causes you to discard a card, discard it, but you may put it on top of your library instead of into your graveyard.","LEA,LEB,2ED,CED,CEI,3ED,4ED,5ED,ME4",,normal,28,,,Uncommon,,Artifact
Lich,{B}{B}{B}{B},4,B,Daniel Gelon,,Enchantment,"As Lich enters the battlefield, you lose life equal to your life total.\nYou don't lose the game for having 0 or less life.\nIf you would gain life, draw that many cards instead.\nWhenever you're dealt damage, sacrifice that many nontoken permanents. If you can't, you lose the game.\nWhen Lich is put into a graveyard from the battlefield, you lose the game.","LEA,LEB,2ED,CED,CEI,ME4",,normal,69,,,Rare,,Enchantment
Lifeforce,{G}{G},2,G,Dameon Willich,,Enchantment,{G}{G}: Counter target black spell.,"LEA,LEB,2ED,CED,CEI,3ED,4ED,5ED,ME4",,normal,162,,,Uncommon,,Enchantment
Lifelace,{G},1,G,Amy Weber,,Instant,Target spell or permanent becomes green. (Mana symbols on that permanent remain unchanged.),"LEA,LEB,2ED,CED,CEI,3ED,4ED",,normal,163,,,Rare,,Instant
Lifetap,{U}{U},2,U,Anson Maddocks,,Enchantment,"Whenever a Forest an opponent controls becomes tapped, you gain 1 life.","LEA,LEB,2ED,CED,CEI,3ED,4ED,5ED",,normal,109,,,Uncommon,,Enchantment
Lightning Bolt,{R},1,R,Christopher Rush,,Instant,Lightning Bolt deals 3 damage to target creature or player.,"LEA,LEB,2ED,CED,CEI,3ED,4ED,pJGP,ATH,BTD,pMPR,MED,M10,M11,PD2,MM2",,normal,209,,,Common,,Instant
Living Artifact,{G},1,G,Anson Maddocks,,Enchantment — Aura,"Enchant artifact\nWhenever you're dealt damage, put that many vitality counters on Living Artifact.\nAt the beginning of your upkeep, you may remove a vitality counter from Living Artifact. If you do, you gain 1 life.","LEA,LEB,2ED,CED,CEI,3ED,4ED,5ED",,normal,164,,,Rare,Aura,Enchantment
Living Lands,{3}{G},4,G,Jesper Myrfors,,Enchantment,All Forests are 1/1 creatures that are still lands.,"LEA,LEB,2ED,CED,CEI,3ED,4ED,5ED,6ED,ME4",,normal,165,,,Rare,,Enchantment
Living Wall,{4},4,,Anson Maddocks,,Artifact Creature — Wall,Defender (This creature can't attack.)\n{1}: Regenerate Living Wall.,"LEA,LEB,2ED,CED,CEI,3ED,ME4","Some fiendish mage had created a horrifying wall of living flesh, patched together from a jumble of still-recognizable body parts. As we sought to hew our way through it, some unknown power healed the gaping wounds we cut, denying us passage.",normal,29,0,6,Uncommon,Wall,"Artifact,Creature"
Llanowar Elves,{G},1,G,Anson Maddocks,,Creature — Elf Druid,{T}: Add {G} to your mana pool.,"LEA,LEB,2ED,CED,CEI,3ED,4ED,5ED,ATH,6ED,BRB,pFNM,S00,BTD,7ED,9ED,pGTW,10E,EVG,M10,M11,M12,C14,DD3_EVG,EMA","Whenever the Llanowar Elves gather the fruits of their forest, they leave one plant of each type untouched, considering that nature's portion.",normal,166,1,1,Common,"Elf,Druid",Creature
Lord of Atlantis,{U}{U},2,U,Melissa A. Benson,,Creature — Merfolk,Other Merfolk creatures get +1/+1 and have islandwalk. (They can't be blocked as long as defending player controls an Island.),"LEA,LEB,2ED,CED,CEI,3ED,4ED,5ED,6ED,pSUS,7ED,TSB","A master of tactics, the Lord of Atlantis makes his people bold in battle merely by arriving to lead them.",normal,110,2,2,Rare,Merfolk,Creature
Lord of the Pit,{4}{B}{B}{B},7,B,Mark Tedin,,Creature — Demon,"Flying, trample\nAt the beginning of your upkeep, sacrifice a creature other than Lord of the Pit. If you can't, Lord of the Pit deals 7 damage to you.","LEA,LEB,2ED,CED,CEI,3ED,4ED,5ED,10E,DDC,DD3_DVD",,normal,70,7,7,Rare,Demon,Creature
Lure,{1}{G}{G},3,G,Anson Maddocks,,Enchantment — Aura,Enchant creature\nAll creatures able to block enchanted creature do so.,"LEA,LEB,2ED,CED,CEI,3ED,4ED,ICE,5ED,6ED,MMQ,7ED,8ED,CHK,10E,M12",,normal,167,,,Uncommon,Aura,Enchantment
Magical Hack,{U},1,U,Julie Baroh,,Instant,"Change the text of target spell or permanent by replacing all instances of one basic land type with another. (For example, you may change ""swampwalk"" to ""plainswalk."" This effect lasts indefinitely.)","LEA,LEB,2ED,CED,CEI,3ED,4ED,5ED",,normal,111,,,Rare,,Instant
Mahamoti Djinn,{4}{U}{U},6,U,Dan Frazier,,Creature — Djinn,Flying (This creature can't be blocked except by creatures with flying or reach.),"LEA,LEB,2ED,CED,CEI,3ED,4ED,BTD,7ED,8ED,9ED,10E,DPA,ME4,M15,ORI","Of royal blood among the spirits of the air, the Mahamoti Djinn rides on the wings of the winds. As dangerous in the gambling hall as he is in battle, he is a master of trickery and misdirection.",normal,112,5,6,Rare,Djinn,Creature
Mana Flare,{2}{R},3,R,Christopher Rush,,Enchantment,"Whenever a player taps a land for mana, that player adds one mana to his or her mana pool of any type that land produced.","LEA,LEB,2ED,CED,CEI,3ED,4ED,5ED,MED",,normal,210,,,Rare,,Enchantment
Mana Short,{2}{U},3,U,Dameon Willich,,Instant,Tap all lands target player controls and empty his or her mana pool.,"LEA,LEB,2ED,CED,CEI,3ED,4ED,6ED,7ED",,normal,113,,,Rare,,Instant
Mana Vault,{1},1,,Mark Tedin,,Artifact,"Mana Vault doesn't untap during your untap step.\nAt the beginning of your upkeep, you may pay {4}. If you do, untap Mana Vault.\nAt the beginning of your draw step, if Mana Vault is tapped, it deals 1 damage to you.\n{T}: Add {C}{C}{C} to your mana pool.","LEA,LEB,2ED,CED,CEI,3ED,4ED,5ED,ME4,VMA",,normal,30,,,Rare,,Artifact
Manabarbs,{3}{R},4,R,Christopher Rush,,Enchantment,"Whenever a player taps a land for mana, Manabarbs deals 1 damage to that player.","LEA,LEB,2ED,CED,CEI,3ED,4ED,5ED,6ED,10E,M10,M12",,normal,211,,,Rare,,Enchantment
Meekstone,{1},1,,Quinton Hoover,,Artifact,Creatures with power 3 or greater don't untap during their controllers' untap steps.,"LEA,LEB,2ED,CED,CEI,3ED,4ED,5ED,6ED,7ED",,normal,31,,,Rare,,Artifact
Merfolk of the Pearl Trident,{U},1,U,Jeff A. Menges,,Creature — Merfolk,,"LEA,LEB,2ED,CED,CEI,3ED,4ED,RQS,ITP,5ED,POR,6ED,S99,S00,7ED,M13","Most human scholars believe that Merfolk are the survivors of sunken Atlantis, humans adapted to the water. Merfolk, however, believe that humans sprang forth from Merfolk who adapted themselves in order to explore their last frontier.",normal,114,1,1,Common,Merfolk,Creature
Mesa Pegasus,{1}{W},2,W,Melissa A. Benson,,Creature — Pegasus,"Flying; banding (Any creatures with banding, and up to one without, can attack in a band. Bands are blocked as a group. If any creatures with banding you control are blocking or being blocked by a creature, you divide that creature's combat damage, not its controller, among any of the creatures it's being blocked by or is blocking.)","LEA,LEB,2ED,CED,CEI,3ED,4ED,RQS,ITP,5ED,MED","Before a woman marries in the village of Sursi, she must visit the land of the Mesa Pegasus. Legend has it that if the woman is pure of heart and her love is true, a Mesa Pegasus will appear, blessing her family with long life and good fortune.",normal,259,1,1,Common,Pegasus,Creature
Mind Twist,{X}{B},1,B,Julie Baroh,,Sorcery,Target player discards X cards at random.,"LEA,LEB,2ED,CED,CEI,3ED,4ED,ME3",,normal,71,,,Rare,,Sorcery
Mons's Goblin Raiders,{R},1,R,Jeff A. Menges,,Creature — Goblin,,"LEA,LEB,2ED,CED,CEI,3ED,4ED,RQS,ITP,5ED,S99,S00","The intricate dynamics of Rundvelt Goblin affairs are often confused with anarchy. The chaos, however, is the chaos of a thundercloud, and direction will sporadically and violently appear. Pashalik Mons and his raiders are the thunderhead that leads in the storm.",normal,212,1,1,Common,Goblin,Creature
Mountain,,,R,Douglas Shuler,,Basic Land — Mountain,,"LEA,LEB,2ED,ARN,CED,CEI,3ED,4ED,ICE,RQS,pARL,MIR,ITP,5ED,POR,TMP,pJGP,PO2,UGL,pALP,USG,ATH,6ED,PTK,S99,pGRU,MMQ,BRB,pELP,S00,BTD,INV,7ED,ODY,DKM,ONS,8ED,MRD,CHK,UNH,9ED,RAV,CST,TSP,10E,MED,LRW,EVG,SHM,ALA,DD2,M10,HOP,ME3,ZEN,H09,DDE,ROE,DPA,ARC,M11,SOM,PD2,MBS,DDG,NPH,CMD,M12,DDH,ISD,DDI,AVR,PC2,M13,DDJ,RTR,DDK,M14,DDL,THS,C13,M15,DDN,KTK,C14,DD3_EVG,DD3_JVC,FRF,DTK,TPR,ORI,DDP,BFZ,C15,SOI",,normal,290,,,Basic Land,Mountain,Land
Mountain,,,R,Douglas Shuler,,Basic Land — Mountain,,"LEA,LEB,2ED,ARN,CED,CEI,3ED,4ED,ICE,RQS,pARL,MIR,ITP,5ED,POR,TMP,pJGP,PO2,UGL,pALP,USG,ATH,6ED,PTK,S99,pGRU,MMQ,BRB,pELP,S00,BTD,INV,7ED,ODY,DKM,ONS,8ED,MRD,CHK,UNH,9ED,RAV,CST,TSP,10E,MED,LRW,EVG,SHM,ALA,DD2,M10,HOP,ME3,ZEN,H09,DDE,ROE,DPA,ARC,M11,SOM,PD2,MBS,DDG,NPH,CMD,M12,DDH,ISD,DDI,AVR,PC2,M13,DDJ,RTR,DDK,M14,DDL,THS,C13,M15,DDN,KTK,C14,DD3_EVG,DD3_JVC,FRF,DTK,TPR,ORI,DDP,BFZ,C15,SOI",,normal,291,,,Basic Land,Mountain,Land
Mox Emerald,{0},,G,Dan Frazier,,Artifact,{T}: Add {G} to your mana pool.,"LEA,LEB,2ED,CED,CEI,VMA",,normal,32,,,Rare,,Artifact
Mox Jet,{0},,B,Dan Frazier,,Artifact,{T}: Add {B} to your mana pool.,"LEA,LEB,2ED,CED,CEI,VMA",,normal,33,,,Rare,,Artifact
Mox Pearl,{0},,W,Dan Frazier,,Artifact,{T}: Add {W} to your mana pool.,"LEA,LEB,2ED,CED,CEI,VMA",,normal,34,,,Rare,,Artifact
Mox Ruby,{0},,R,Dan Frazier,,Artifact,{T}: Add {R} to your mana pool.,"LEA,LEB,2ED,CED,CEI,VMA",,normal,35,,,Rare,,Artifact
Mox Sapphire,{0},,U,Dan Frazier,,Artifact,{T}: Add {U} to your mana pool.,"LEA,LEB,2ED,CED,CEI,VMA",,normal,36,,,Rare,,Artifact
Natural Selection,{G},1,G,Mark Poole,,Instant,"Look at the top three cards of target player's library, then put them back in any order. You may have that player shuffle his or her library.","LEA,LEB,2ED,CED,CEI",,normal,168,,,Rare,,Instant
Nether Shadow,{B}{B},2,B,Christopher Rush,,Creature — Spirit,"Haste\nAt the beginning of your upkeep, if Nether Shadow is in your graveyard with three or more creature cards above it, you may put Nether Shadow onto the battlefield.","LEA,LEB,2ED,CED,CEI,3ED,4ED,5ED,MED",,normal,72,1,1,Rare,Spirit,Creature
Nettling Imp,{2}{B},3,B,Quinton Hoover,,Creature — Imp,"{T}: Choose target non-Wall creature the active player has controlled continuously since the beginning of the turn. That creature attacks this turn if able. If it doesn't, destroy it at the beginning of the next end step. Activate this ability only during an opponent's turn, before attackers are declared.","LEA,LEB,2ED,CED,CEI,3ED",,normal,73,1,1,Uncommon,Imp,Creature
Nevinyrral's Disk,{4},4,,Mark Tedin,,Artifact,"Nevinyrral's Disk enters the battlefield tapped.\n{1}, {T}: Destroy all artifacts, creatures, and enchantments.","LEA,LEB,2ED,CED,CEI,3ED,4ED,5ED,ATH,MED,V10,C13,VMA,C14,EMA",,normal,37,,,Rare,,Artifact
Nightmare,{5}{B},6,B,Melissa A. Benson,,Creature — Nightmare Horse,Flying (This creature can't be blocked except by creatures with flying or reach.)\nNightmare's power and toughness are each equal to the number of Swamps you control.,"LEA,LEB,2ED,CED,CEI,3ED,4ED,5ED,6ED,7ED,8ED,9ED,10E,M10,M14,M15,ORI,W16","The Nightmare arises from its lair in the swamps. As the poisoned land spreads, so does the Nightmare's rage and terrifying strength.",normal,74,*,*,Rare,"Nightmare,Horse",Creature
Northern Paladin,{2}{W}{W},4,W,Douglas Shuler,,Creature — Human Knight,"{W}{W}, {T}: Destroy target black permanent.","LEA,LEB,2ED,CED,CEI,3ED,4ED,7ED","""Look to the north; there you will find aid and comfort.""\n—The Book of Tal",normal,260,3,3,Rare,"Human,Knight",Creature
Obsianus Golem,{6},6,,Jesper Myrfors,,Artifact Creature — Golem,,"LEA,LEB,2ED,CED,CEI,3ED,4ED,6ED,S00,ME4","""The foot stone is connected to the ankle stone, the ankle stone is connected to the leg stone...""\n—Song of the Artificer",normal,38,4,6,Uncommon,Golem,"Artifact,Creature"
Orcish Artillery,{1}{R}{R},3,R,Anson Maddocks,,Creature — Orc Warrior,{T}: Orcish Artillery deals 2 damage to target creature or player and 3 damage to you.,"LEA,LEB,2ED,CED,CEI,3ED,4ED,RQS,ITP,5ED,6ED,7ED,8ED,9ED,10E","In a rare display of ingenuity, the Orcs invented an incredibly destructive weapon. Most Orcish artillerists are those who dared criticize its effectiveness.",normal,213,1,3,Uncommon,"Orc,Warrior",Creature
Orcish Oriflamme,{3}{R},4,R,Dan Frazier,,Enchantment,Attacking creatures you control get +1/+0.,"LEA,LEB,2ED,CED,CEI,3ED,4ED,RQS,ITP,5ED,6ED,S00,7ED,EMA",,normal,214,,,Uncommon,,Enchantment
Paralyze,{B},1,B,Anson Maddocks,,Enchantment — Aura,"Enchant creature\nWhen Paralyze enters the battlefield, tap enchanted creature.\nEnchanted creature doesn't untap during its controller's untap step.\nAt the beginning of the upkeep of enchanted creature's controller, that player may pay {4}. If he or she does, untap the creature.","LEA,LEB,2ED,CED,CEI,3ED,4ED,5ED,MED,VMA",,normal,75,,,Common,Aura,Enchantment
Pearled Unicorn,{2}{W},3,W,Cornelius Brudi,,Creature — Unicorn,,"LEA,LEB,2ED,CED,CEI,3ED,4ED,RQS,ITP,5ED","""‘Do you know, I always thought Unicorns were fabulous monsters, too? I never saw one alive before!' ‘Well, now that we have seen each other,' said the Unicorn, ‘if you'll believe in me, I'll believe in you.'"" —Lewis Carroll",normal,261,2,2,Common,Unicorn,Creature
Personal Incarnation,{3}{W}{W}{W},6,W,Kev Brockschmidt,,Creature — Avatar Incarnation,"{0}: The next 1 damage that would be dealt to Personal Incarnation this turn is dealt to its owner instead. Any player may activate this ability, but only if he or she owns Personal Incarnation.\nWhen Personal Incarnation dies, its owner loses half his or her life, rounded up.","LEA,LEB,2ED,CED,CEI,3ED,4ED,5ED,ME4",,normal,262,6,6,Rare,"Avatar,Incarnation",Creature
Pestilence,{2}{B}{B},4,B,Jesper Myrfors,,Enchantment,"At the beginning of the end step, if no creatures are on the battlefield, sacrifice Pestilence.\n{B}: Pestilence deals 1 damage to each creature and each player.","LEA,LEB,2ED,CED,CEI,3ED,4ED,5ED,USG,6ED,BRB",,normal,76,,,Common,,Enchantment
Phantasmal Forces,{3}{U},4,U,Mark Poole,,Creature — Illusion,"Flying\nAt the beginning of your upkeep, sacrifice Phantasmal Forces unless you pay {U}.","LEA,LEB,2ED,CED,CEI,3ED,4ED,5ED,ME4","These beings embody the essence of true heroes long dead. Summoned from the dreamrealms, they rise to meet their enemies.",normal,115,4,1,Uncommon,Illusion,Creature
Phantasmal Terrain,{U}{U},2,U,Dameon Willich,,Enchantment — Aura,"Enchant land\nAs Phantasmal Terrain enters the battlefield, choose a basic land type.\nEnchanted land is the chosen type.","LEA,LEB,2ED,CED,CEI,3ED,4ED,5ED,6ED,INV,ME4",,normal,116,,,Common,Aura,Enchantment
Phantom Monster,{3}{U},4,U,Jesper Myrfors,,Creature — Illusion,Flying,"LEA,LEB,2ED,CED,CEI,3ED,4ED,ITP,5ED,MED,EMA","""While, like a ghastly rapid river,\nThrough the pale door,\nA hideous throng rush out forever,\nAnd laugh—but smile no more.""\n—Edgar Allan Poe, ""The Haunted Palace""",normal,117,3,3,Uncommon,Illusion,Creature
Pirate Ship,{4}{U},5,U,Tom Wänerstrand,,Creature — Human Pirate,"Pirate Ship can't attack unless defending player controls an Island.\n{T}: Pirate Ship deals 1 damage to target creature or player.\nWhen you control no Islands, sacrifice Pirate Ship.","LEA,LEB,2ED,CED,CEI,3ED,4ED,5ED,TSB",,normal,118,4,3,Rare,"Human,Pirate",Creature
Plague Rats,{2}{B},3,B,Anson Maddocks,,Creature — Rat,Plague Rats's power and toughness are each equal to the number of creatures named Plague Rats on the battlefield.,"LEA,LEB,2ED,CED,CEI,3ED,4ED,5ED","""Should you a Rat to madness tease\nWhy ev'n a Rat may plague you...""\n—Samuel Coleridge, ""Recantation""",normal,77,*,*,Common,Rat,Creature
Plains,,,W,Jesper Myrfors,,Basic Land — Plains,,"LEA,LEB,2ED,CED,CEI,3ED,4ED,ICE,RQS,pARL,MIR,ITP,5ED,POR,pPRE,TMP,pJGP,PO2,UGL,pALP,USG,ATH,6ED,PTK,S99,pGRU,MMQ,BRB,pELP,S00,INV,7ED,ODY,ONS,8ED,MRD,CHK,UNH,9ED,RAV,CST,TSP,10E,MED,LRW,SHM,ALA,DDC,M10,HOP,ME3,ZEN,H09,DDE,ROE,ARC,M11,DDF,SOM,MBS,DDG,NPH,CMD,M12,DDH,ISD,DDI,AVR,PC2,M13,RTR,DDK,M14,DDL,THS,C13,MD1,M15,DDN,KTK,C14,DD3_DVD,FRF,DDO,DTK,TPR,ORI,DDP,BFZ,C15,DDQ,SOI",,normal,294,,,Basic Land,Plains,Land
Plains,,,W,Jesper Myrfors,,Basic Land — Plains,,"LEA,LEB,2ED,CED,CEI,3ED,4ED,ICE,RQS,pARL,MIR,ITP,5ED,POR,pPRE,TMP,pJGP,PO2,UGL,pALP,USG,ATH,6ED,PTK,S99,pGRU,MMQ,BRB,pELP,S00,INV,7ED,ODY,ONS,8ED,MRD,CHK,UNH,9ED,RAV,CST,TSP,10E,MED,LRW,SHM,ALA,DDC,M10,HOP,ME3,ZEN,H09,DDE,ROE,ARC,M11,DDF,SOM,MBS,DDG,NPH,CMD,M12,DDH,ISD,DDI,AVR,PC2,M13,RTR,DDK,M14,DDL,THS,C13,MD1,M15,DDN,KTK,C14,DD3_DVD,FRF,DDO,DTK,TPR,ORI,DDP,BFZ,C15,DDQ,SOI",,normal,295,,,Basic Land,Plains,Land
Plateau,,,"W,R",Drew Tucker,,Land — Mountain Plains,({T}: Add {R} or {W} to your mana pool.),"LEA,LEB,2ED,CED,CEI,3ED,ME3,ME4,VMA",,normal,281,,,Rare,"Mountain,Plains",Land
Power Leak,{1}{U},2,U,Drew Tucker,,Enchantment — Aura,"Enchant enchantment\nAt the beginning of the upkeep of enchanted enchantment's controller, that player may pay any amount of mana. Power Leak deals 2 damage to that player. Prevent X of that damage, where X is the amount of mana that player paid this way.","LEA,LEB,2ED,CED,CEI,3ED,4ED",,normal,119,,,Common,Aura,Enchantment
Power Sink,{X}{U},1,U,Richard Thomas,,Instant,"Counter target spell unless its controller pays {X}. If he or she doesn't, that player taps all lands with mana abilities he or she controls and empties his or her mana pool.","LEA,LEB,2ED,CED,CEI,3ED,4ED,ICE,RQS,MIR,ITP,5ED,TMP,USG,6ED,BTD,VMA",,normal,120,,,Common,,Instant
Power Surge,{R}{R},2,R,Douglas Shuler,,Enchantment,"At the beginning of each player's upkeep, Power Surge deals X damage to that player, where X is the number of untapped lands he or she controlled at the beginning of this turn.","LEA,LEB,2ED,CED,CEI,3ED,4ED",,normal,215,,,Rare,,Enchantment
Prodigal Sorcerer,{2}{U},3,U,Douglas Shuler,,Creature — Human Wizard,{T}: Prodigal Sorcerer deals 1 damage to target creature or player.,"LEA,LEB,2ED,CED,CEI,3ED,4ED,5ED,6ED,BRB,pFNM,S00,7ED,TSB,ME4,EMA",Occasionally a member of the Institute of Arcane Study acquires a taste for worldly pleasures. Seldom do they have trouble finding employment.,normal,121,1,1,Common,"Human,Wizard",Creature
Psionic Blast,{2}{U},3,U,Douglas Shuler,,Instant,Psionic Blast deals 4 damage to target creature or player and 2 damage to you.,"LEA,LEB,2ED,CED,CEI,pMPR,TSB",,normal,122,,,Uncommon,,Instant
Psychic Venom,{1}{U},2,U,Brian Snõddy,,Enchantment — Aura,"Enchant land\nWhenever enchanted land becomes tapped, Psychic Venom deals 2 damage to that land's controller.","LEA,LEB,2ED,CED,CEI,3ED,4ED,5ED,6ED,MED",,normal,123,,,Common,Aura,Enchantment
Purelace,{W},1,W,Sandra Everingham,,Instant,Target spell or permanent becomes white. (Mana symbols on that permanent remain unchanged.),"LEA,LEB,2ED,CED,CEI,3ED,4ED",,normal,263,,,Rare,,Instant
Raging River,{R}{R},2,R,Sandra Everingham,,Enchantment,"Whenever one or more creatures you control attack, each defending player divides all creatures without flying he or she controls into a ""left"" pile and a ""right"" pile. Then, for each attacking creature you control, choose ""left"" or ""right."" That creature can't be blocked this combat except by creatures with flying and creatures in a pile with the chosen label.","LEA,LEB,2ED,CED,CEI",,normal,216,,,Rare,,Enchantment
Raise Dead,{B},1,B,Jeff A. Menges,,Sorcery,Return target creature card from your graveyard to your hand.,"LEA,LEB,2ED,CED,CEI,3ED,4ED,RQS,ITP,5ED,POR,PO2,6ED,S99,7ED,8ED,9ED",,normal,78,,,Common,,Sorcery
Red Elemental Blast,{R},1,R,Richard Thomas,,Instant,Choose one —\n• Counter target blue spell.\n• Destroy target blue permanent.,"LEA,LEB,2ED,CED,CEI,3ED,4ED,ME4",,normal,217,,,Common,,Instant
Red Ward,{W},1,W,Dan Frazier,,Enchantment — Aura,Enchant creature\nEnchanted creature has protection from red. This effect doesn't remove Red Ward.,"LEA,LEB,2ED,CED,CEI,3ED,4ED",,normal,264,,,Uncommon,Aura,Enchantment
Regeneration,{1}{G},2,G,Quinton Hoover,,Enchantment — Aura,"Enchant creature (Target a creature as you cast this. This card enters the battlefield attached to that creature.)\n{G}: Regenerate enchanted creature. (The next time that creature would be destroyed this turn, it isn't. Instead tap it, remove all damage from it, and remove it from combat.)","LEA,LEB,2ED,CED,CEI,3ED,4ED,ICE,MIR,5ED,6ED,7ED,8ED,9ED,10E",,normal,169,,,Common,Aura,Enchantment
Regrowth,{1}{G},2,G,Dameon Willich,,Sorcery,Return target card from your graveyard to your hand.,"LEA,LEB,2ED,CED,CEI,3ED,pJGP,ME4,DDL,VMA",,normal,170,,,Uncommon,,Sorcery
Resurrection,{2}{W}{W},4,W,Dan Frazier,,Sorcery,Return target creature card from your graveyard to the battlefield.,"LEA,LEB,2ED,CED,CEI,3ED,pFNM,TSB",,normal,265,,,Uncommon,,Sorcery
Reverse Damage,{1}{W}{W},3,W,Dameon Willich,,Instant,"The next time a source of your choice would deal damage to you this turn, prevent that damage. You gain life equal to the damage prevented this way.","LEA,LEB,2ED,CED,CEI,3ED,4ED,ITP,5ED,6ED,7ED,9ED",,normal,266,,,Rare,,Instant
Righteousness,{W},1,W,Douglas Shuler,,Instant,Target blocking creature gets +7/+7 until end of turn.,"LEA,LEB,2ED,CED,CEI,3ED,4ED,5ED,9ED,10E,M10,DDL",,normal,267,,,Rare,,Instant
Roc of Kher Ridges,{3}{R},4,R,Andi Rusu,,Creature — Bird,Flying,"LEA,LEB,2ED,CED,CEI,3ED,ME4","We encountered a valley topped with immense boulders and eerie rock formations. Suddenly one of these boulders toppled from its perch and sprouted gargantuan wings, casting a shadow of darkness and sending us fleeing in terror.",normal,218,3,3,Rare,Bird,Creature
Rock Hydra,{X}{R}{R},2,R,Jeff A. Menges,,Creature — Hydra,"Rock Hydra enters the battlefield with X +1/+1 counters on it.\nFor each 1 damage that would be dealt to Rock Hydra, if it has a +1/+1 counter on it, remove a +1/+1 counter from it and prevent that 1 damage.\n{R}: Prevent the next 1 damage that would be dealt to Rock Hydra this turn.\n{R}{R}{R}: Put a +1/+1 counter on Rock Hydra. Activate this ability only during your upkeep.","LEA,LEB,2ED,CED,CEI,3ED,ME4",,normal,219,0,0,Rare,Hydra,Creature
Rod of Ruin,{4},4,,Christopher Rush,,Artifact,"{3}, {T}: Rod of Ruin deals 1 damage to target creature or player.","LEA,LEB,2ED,CED,CEI,3ED,4ED,RQS,ITP,5ED,6ED,S00,7ED,8ED,9ED,10E,M10,M14",,normal,39,,,Uncommon,,Artifact
Royal Assassin,{1}{B}{B},3,B,Tom Wänerstrand,,Creature — Human Assassin,{T}: Destroy target tapped creature.,"LEA,LEB,2ED,CED,CEI,3ED,4ED,pSUS,8ED,9ED,10E,M10,M11,M12","Trained in the arts of stealth, the royal assassins choose their victims carefully, relying on timing and precision rather than brute force.",normal,79,1,1,Rare,"Human,Assassin",Creature
Sacrifice,{B},1,B,Dan Frazier,,Instant,"As an additional cost to cast Sacrifice, sacrifice a creature.\nAdd to your mana pool an amount of {B} equal to the sacrificed creature's converted mana cost.","LEA,LEB,2ED,CED,CEI,3ED",,normal,80,,,Uncommon,,Instant
Samite Healer,{1}{W},2,W,Tom Wänerstrand,,Creature — Human Cleric,{T}: Prevent the next 1 damage that would be dealt to target creature or player this turn.,"LEA,LEB,2ED,CED,CEI,3ED,4ED,5ED,ATH,6ED,S00,7ED,8ED,9ED,10E",Healers ultimately acquire the divine gifts of spiritual and physical wholeness. The most devout are also granted the ability to pass physical wholeness on to others.,normal,268,1,1,Common,"Human,Cleric",Creature
Savannah,,,"W,G",Rob Alexander,,Land — Forest Plains,({T}: Add {G} or {W} to your mana pool.),"LEA,LEB,2ED,CED,CEI,3ED,ME2,ME4,VMA",,normal,282,,,Rare,"Forest,Plains",Land
Savannah Lions,{W},1,W,Daniel Gelon,,Creature — Cat,,"LEA,LEB,2ED,CED,CEI,3ED,4ED,8ED,9ED,ME4","The traditional kings of the jungle command a healthy respect in other climates as well. Relying mainly on their stealth and speed, Savannah Lions can take a victim by surprise, even in the endless flat plains of their homeland.",normal,269,2,1,Rare,Cat,Creature
Scathe Zombies,{2}{B},3,B,Jesper Myrfors,,Creature — Zombie,,"LEA,LEB,2ED,CED,CEI,3ED,4ED,ITP,5ED,6ED,S99,S00,7ED,8ED,9ED,10E","""They groaned, they stirred, they all uprose,/ Nor spake, nor moved their eyes;/ It had been strange, even in a dream,/ To have seen those dead men rise.""/ —Samuel Coleridge, ""The Rime of the Ancient Mariner""",normal,81,2,2,Common,Zombie,Creature
Scavenging Ghoul,{3}{B},4,B,Jeff A. Menges,,Creature — Zombie,"At the beginning of each end step, put a corpse counter on Scavenging Ghoul for each creature that died this turn.\nRemove a corpse counter from Scavenging Ghoul: Regenerate Scavenging Ghoul.","LEA,LEB,2ED,CED,CEI,3ED,4ED,ME4",,normal,82,2,2,Uncommon,Zombie,Creature
Scrubland,,,"W,B",Jesper Myrfors,,Land — Plains Swamp,({T}: Add {W} or {B} to your mana pool.),"LEA,LEB,2ED,CED,CEI,3ED,ME3,ME4,VMA",,normal,283,,,Rare,"Plains,Swamp",Land
Scryb Sprites,{G},1,G,Amy Weber,,Creature — Faerie,Flying,"LEA,LEB,2ED,CED,CEI,3ED,4ED,RQS,ITP,5ED,BRB,MED,ME3",The only sound was the gentle clicking of the Faeries' wings. Then those intruders who were still standing turned and fled. One thing was certain: they didn't think the Scryb were very funny anymore.,normal,171,1,1,Common,Faerie,Creature
Sea Serpent,{5}{U},6,U,Jeff A. Menges,,Creature — Serpent,"Sea Serpent can't attack unless defending player controls an Island.\nWhen you control no Islands, sacrifice Sea Serpent.","LEA,LEB,2ED,CED,CEI,3ED,4ED,5ED,ME4","Legend has it that Serpents used to be bigger, but how could that be?",normal,124,5,5,Common,Serpent,Creature
Sedge Troll,{2}{R},3,"R,B",Dan Frazier,,Creature — Troll,Sedge Troll gets +1/+1 as long as you control a Swamp.\n{B}: Regenerate Sedge Troll.,"LEA,LEB,2ED,CED,CEI,3ED,ME4","The stench in the hovel was overpowering; something loathsome was cooking. Occasionally something surfaced in the thick paste, but my host would casually push it down before I could make out what it was.",normal,220,2,2,Rare,Troll,Creature
Sengir Vampire,{3}{B}{B},5,B,Anson Maddocks,,Creature — Vampire,"Flying (This creature can't be blocked except by creatures with flying or reach.)\nWhenever a creature dealt damage by Sengir Vampire this turn dies, put a +1/+1 counter on Sengir Vampire.","LEA,LEB,2ED,CED,CEI,3ED,4ED,BRB,BTD,TOR,9ED,10E,DPA,ME4,M12,DDK,M14,M15,ORI,W16",,normal,83,4,4,Uncommon,Vampire,Creature
Serra Angel,{3}{W}{W},5,W,Douglas Shuler,,Creature — Angel,Flying (This creature can't be blocked except by creatures with flying or reach.)\nVigilance (Attacking doesn't cause this creature to tap.),"LEA,LEB,2ED,CED,CEI,3ED,4ED,ATH,pWOS,7ED,8ED,9ED,10E,DDC,M10,M11,ME4,CMD,M12,M13,M14,M15,DD3_DVD,ORI,V15,W16,EMA","Born with wings of light and a sword of faith, this heavenly incarnation embodies both fury and purity.",normal,270,4,4,Uncommon,Angel,Creature
Shanodin Dryads,{G},1,G,Anson Maddocks,,Creature — Nymph Dryad,Forestwalk (This creature can't be blocked as long as defending player controls a Forest.),"LEA,LEB,2ED,CED,CEI,3ED,4ED,5ED,6ED,7ED","Moving without sound, swift figures pass through branches and undergrowth completely unhindered. One with the trees around them, the Dryads of Shanodin Forest are seen only when they wish to be.",normal,172,1,1,Common,"Nymph,Dryad",Creature
Shatter,{1}{R},2,R,Amy Weber,,Instant,Destroy target artifact.,"LEA,LEB,2ED,CED,CEI,3ED,4ED,ICE,5ED,TMP,6ED,7ED,DKM,8ED,MRD,9ED,M10,SOM,KTK,TPR",,normal,221,,,Common,,Instant
Shivan Dragon,{4}{R}{R},6,R,Melissa A. Benson,,Creature — Dragon,Flying (This creature can't be blocked except by creatures with flying or reach.)\n{R}: Shivan Dragon gets +1/+0 until end of turn.,"LEA,LEB,2ED,CED,CEI,3ED,4ED,5ED,BTD,7ED,pREL,8ED,9ED,10E,DRB,M10,DPA,ME4,M14,M15,ORI,W16","While it's true most Dragons are cruel, the Shivan Dragon seems to take particular glee in the misery of others, often tormenting its victims much like a cat plays with a mouse before delivering the final blow.",normal,222,5,5,Rare,Dragon,Creature
Simulacrum,{1}{B},2,B,Mark Poole,,Instant,You gain life equal to the damage dealt to you this turn. Simulacrum deals damage to target creature you control equal to the damage dealt to you this turn.,"LEA,LEB,2ED,CED,CEI,3ED,4ED",,normal,84,,,Uncommon,,Instant
Sinkhole,{B}{B},2,B,Sandra Everingham,,Sorcery,Destroy target land.,"LEA,LEB,2ED,CED,CEI,pJGP,ME4,EMA",,normal,85,,,Common,,Sorcery
Siren's Call,{U},1,U,Anson Maddocks,,Instant,"Cast Siren's Call only during an opponent's turn, before attackers are declared.\nCreatures the active player controls attack this turn if able.\nAt the beginning of the next end step, destroy all non-Wall creatures that player controls that didn't attack this turn. Ignore this effect for each creature the player didn't control continuously since the beginning of the turn.","LEA,LEB,2ED,CED,CEI,3ED,4ED",,normal,125,,,Uncommon,,Instant
Sleight of Mind,{U},1,U,Mark Poole,,Instant,"Change the text of target spell or permanent by replacing all instances of one color word with another. (For example, you may change ""target black spell"" to ""target blue spell."" This effect lasts indefinitely.)","LEA,LEB,2ED,CED,CEI,3ED,4ED,ICE,5ED",,normal,126,,,Rare,,Instant
Smoke,{R}{R},2,R,Jesper Myrfors,,Enchantment,Players can't untap more than one creature during their untap steps.,"LEA,LEB,2ED,CED,CEI,3ED,4ED,5ED,ME4",,normal,223,,,Rare,,Enchantment
Sol Ring,{1},1,,Mark Tedin,,Artifact,{T}: Add {C}{C} to your mana pool.,"LEA,LEB,2ED,CED,CEI,3ED,pJGP,V10,ME4,CMD,C13,VMA,C14,C15",,normal,40,,,Uncommon,,Artifact
Soul Net,{1},1,,Dameon Willich,,Artifact,"Whenever a creature dies, you may pay {1}. If you do, you gain 1 life.","LEA,LEB,2ED,CED,CEI,3ED,4ED,5ED,6ED,S00,7ED",,normal,41,,,Uncommon,,Artifact
Spell Blast,{X}{U},1,U,Brian Snõddy,,Instant,"Counter target spell with converted mana cost X. (For example, if that spell's mana cost is {3}{U}{U}, X is 5.)","LEA,LEB,2ED,CED,CEI,3ED,4ED,5ED,TMP,6ED,M14,TPR",,normal,127,,,Common,,Instant
Stasis,{1}{U},2,U,Fay Jones,,Enchantment,"Players skip their untap steps.\nAt the beginning of your upkeep, sacrifice Stasis unless you pay {U}.","LEA,LEB,2ED,CED,CEI,3ED,4ED,5ED,ME4",,normal,128,,,Rare,,Enchantment
Steal Artifact,{2}{U}{U},4,U,Amy Weber,,Enchantment — Aura,Enchant artifact\nYou control enchanted artifact.,"LEA,LEB,2ED,CED,CEI,3ED,4ED,5ED,7ED,8ED",,normal,129,,,Uncommon,Aura,Enchantment
Stone Giant,{2}{R}{R},4,R,Dameon Willich,,Creature — Giant,{T}: Target creature you control with toughness less than Stone Giant's power gains flying until end of turn. Destroy that creature at the beginning of the next end step.,"LEA,LEB,2ED,CED,CEI,3ED,4ED,5ED,MED,M10,DDI","What goes up, must come down.",normal,224,3,4,Uncommon,Giant,Creature
Stone Rain,{2}{R},3,R,Daniel Gelon,,Sorcery,Destroy target land.,"LEA,LEB,2ED,CED,CEI,3ED,4ED,ICE,MIR,5ED,POR,TMP,PO2,6ED,PTK,S99,MMQ,pFNM,S00,7ED,8ED,CHK,9ED",,normal,225,,,Common,,Sorcery
Stream of Life,{X}{G},1,G,Mark Poole,,Sorcery,Target player gains X life.,"LEA,LEB,2ED,CED,CEI,3ED,4ED,5ED,6ED,7ED,8ED,9ED",,normal,173,,,Common,,Sorcery
Sunglasses of Urza,{3},3,,Dan Frazier,,Artifact,You may spend white mana as though it were red mana.,"LEA,LEB,2ED,CED,CEI,3ED,4ED",,normal,42,,,Rare,,Artifact
Swamp,,,B,Dan Frazier,,Basic Land — Swamp,,"LEA,LEB,2ED,CED,CEI,3ED,4ED,ICE,RQS,pARL,MIR,ITP,5ED,POR,TMP,pJGP,PO2,UGL,pALP,USG,ATH,6ED,PTK,S99,pGRU,MMQ,BRB,pELP,S00,BTD,INV,7ED,ODY,DKM,ONS,8ED,MRD,CHK,UNH,9ED,RAV,CST,TSP,10E,MED,LRW,SHM,ALA,DDC,M10,HOP,ME3,ZEN,DDD,H09,DDE,ROE,DPA,ARC,M11,SOM,MBS,NPH,CMD,M12,DDH,ISD,PD3,AVR,PC2,M13,DDJ,RTR,DDK,M14,THS,C13,DDM,MD1,M15,DDN,KTK,C14,DD3_DVD,DD3_GVL,FRF,DTK,TPR,ORI,DDP,BFZ,C15,DDQ,SOI",,normal,277,,,Basic Land,Swamp,Land
Swamp,,,B,Dan Frazier,,Basic Land — Swamp,,"LEA,LEB,2ED,CED,CEI,3ED,4ED,ICE,RQS,pARL,MIR,ITP,5ED,POR,TMP,pJGP,PO2,UGL,pALP,USG,ATH,6ED,PTK,S99,pGRU,MMQ,BRB,pELP,S00,BTD,INV,7ED,ODY,DKM,ONS,8ED,MRD,CHK,UNH,9ED,RAV,CST,TSP,10E,MED,LRW,SHM,ALA,DDC,M10,HOP,ME3,ZEN,DDD,H09,DDE,ROE,DPA,ARC,M11,SOM,MBS,NPH,CMD,M12,DDH,ISD,PD3,AVR,PC2,M13,DDJ,RTR,DDK,M14,THS,C13,DDM,MD1,M15,DDN,KTK,C14,DD3_DVD,DD3_GVL,FRF,DTK,TPR,ORI,DDP,BFZ,C15,DDQ,SOI",,normal,278,,,Basic Land,Swamp,Land
Swords to Plowshares,{W},1,W,Jeff A. Menges,,Instant,Exile target creature. Its controller gains life equal to its power.,"LEA,LEB,2ED,CED,CEI,3ED,4ED,ICE,pJGP,ATH,BRB,pFNM,CST,ME2,DDF,ME4,V13,CNS,VMA,EMA",,normal,271,,,Uncommon,,Instant
Taiga,,,"R,G",Rob Alexander,,Land — Mountain Forest,({T}: Add {R} or {G} to your mana pool.),"LEA,LEB,2ED,CED,CEI,3ED,ME2,ME4,VMA",,normal,284,,,Rare,"Mountain,Forest",Land
Terror,{1}{B},2,B,Ron Spencer,,Instant,"Destroy target nonartifact, nonblack creature. It can't be regenerated.","LEA,LEB,2ED,CED,CEI,3ED,4ED,RQS,ITP,5ED,ATH,6ED,BRB,pFNM,S00,BTD,pMPR,MRD,10E,DPA,ME4",,normal,86,,,Common,,Instant
The Hive,{5},5,,Sandra Everingham,,Artifact,"{5}, {T}: Put a 1/1 colorless Insect artifact creature token with flying named Wasp onto the battlefield. (It can't be blocked except by creatures with flying or reach.)","LEA,LEB,2ED,CED,CEI,3ED,4ED,5ED,6ED,10E",,normal,43,,,Rare,,Artifact
Thicket Basilisk,{3}{G}{G},5,G,Dan Frazier,,Creature — Basilisk,"Whenever Thicket Basilisk blocks or becomes blocked by a non-Wall creature, destroy that creature at end of combat.","LEA,LEB,2ED,CED,CEI,3ED,4ED,5ED,6ED,MED","Moss-covered statues littered the area, a macabre monument to the Basilisk's power.",normal,174,2,4,Uncommon,Basilisk,Creature
Thoughtlace,{U},1,U,Mark Poole,,Instant,Target spell or permanent becomes blue. (Mana symbols on that permanent remain unchanged.),"LEA,LEB,2ED,CED,CEI,3ED,4ED",,normal,130,,,Rare,,Instant
Throne of Bone,{1},1,,Anson Maddocks,,Artifact,"Whenever a player casts a black spell, you may pay {1}. If you do, you gain 1 life.","LEA,LEB,2ED,CED,CEI,3ED,4ED,5ED,6ED,7ED,8ED",,normal,44,,,Uncommon,,Artifact
Timber Wolves,{G},1,G,Melissa A. Benson,,Creature — Wolf,"Banding (Any creatures with banding, and up to one without, can attack in a band. Bands are blocked as a group. If any creatures with banding you control are blocking or being blocked by a creature, you divide that creature's combat damage, not its controller, among any of the creatures it's being blocked by or is blocking.)","LEA,LEB,2ED,CED,CEI,3ED,4ED","Though many think of Wolves as solitary predators, they are actually extremely social animals. During a hunt they often call to each other, which can be quite unsettling for their prey.",normal,175,1,1,Rare,Wolf,Creature
Time Vault,{2},2,,Mark Tedin,,Artifact,"Time Vault enters the battlefield tapped.\nTime Vault doesn't untap during your untap step.\nIf you would begin your turn while Time Vault is tapped, you may skip that turn instead. If you do, untap Time Vault.\n{T}: Take an extra turn after this one.","LEA,LEB,2ED,CED,CEI,ME4,VMA",,normal,45,,,Rare,,Artifact
Time Walk,{1}{U},2,U,Amy Weber,,Sorcery,Take an extra turn after this one.,"LEA,LEB,2ED,CED,CEI,VMA",,normal,131,,,Rare,,Sorcery
Timetwister,{2}{U},3,U,Mark Tedin,,Sorcery,"Each player shuffles his or her hand and graveyard into his or her library, then draws seven cards. (Then put Timetwister into its owner's graveyard.)","LEA,LEB,2ED,CED,CEI,VMA",,normal,132,,,Rare,,Sorcery
Tranquility,{2}{G},3,G,Douglas Shuler,,Sorcery,Destroy all enchantments.,"LEA,LEB,2ED,CED,CEI,3ED,4ED,5ED,TMP,6ED,MMQ,BRB,INV,7ED,TPR",,normal,176,,,Common,,Sorcery
Tropical Island,,,"U,G",Jesper Myrfors,,Land — Forest Island,({T}: Add {G} or {U} to your mana pool.),"LEA,LEB,2ED,CED,CEI,3ED,ME3,ME4,VMA",,normal,285,,,Rare,"Forest,Island",Land
Tsunami,{3}{G},4,G,Richard Thomas,,Sorcery,Destroy all Islands.,"LEA,LEB,2ED,CED,CEI,3ED,4ED,5ED,ME4",,normal,177,,,Uncommon,,Sorcery
Tundra,,,"W,U",Jesper Myrfors,,Land — Plains Island,({T}: Add {W} or {U} to your mana pool.),"LEA,LEB,2ED,CED,CEI,3ED,ME2,ME4,VMA",,normal,286,,,Rare,"Plains,Island",Land
Tunnel,{R},1,R,Dan Frazier,,Instant,Destroy target Wall. It can't be regenerated.,"LEA,LEB,2ED,CED,CEI,3ED,4ED",,normal,226,,,Uncommon,,Instant
Twiddle,{U},1,U,Rob Alexander,,Instant,"You may tap or untap target artifact, creature, or land.","LEA,LEB,2ED,CED,CEI,4ED,RQS,ITP,5ED,7ED,8ED",,normal,133,,,Common,,Instant
Two-Headed Giant of Foriys,{4}{R},5,R,Anson Maddocks,,Creature — Giant,Trample\nTwo-Headed Giant of Foriys can block an additional creature each combat.,"LEA,LEB,2ED,CED,CEI,ME4","None know if this Giant is the result of aberrant magics, Siamese twins, or a mentalist's schizophrenia.",normal,227,4,4,Rare,Giant,Creature
Underground Sea,,,"U,B",Rob Alexander,,Land — Island Swamp,({T}: Add {U} or {B} to your mana pool.),"LEA,LEB,2ED,CED,CEI,3ED,ME2,ME4,VMA",,normal,287,,,Rare,"Island,Swamp",Land
Unholy Strength,{B},1,B,Douglas Shuler,,Enchantment — Aura,Enchant creature\nEnchanted creature gets +2/+1.,"LEA,LEB,2ED,CED,CEI,3ED,4ED,5ED,ATH,7ED,8ED,9ED,10E,DDC,M10,DPA,M11,DD3_DVD",,normal,87,,,Common,Aura,Enchantment
Unsummon,{U},1,U,Douglas Shuler,,Instant,Return target creature to its owner's hand.,"LEA,LEB,2ED,CED,CEI,3ED,4ED,RQS,ITP,5ED,6ED,7ED,8ED,10E,CON,M10,DPA,M11,M12,M13",,normal,134,,,Common,,Instant
Uthden Troll,{2}{R},3,R,Douglas Shuler,,Creature — Troll,{R}: Regenerate Uthden Troll.,"LEA,LEB,2ED,CED,CEI,3ED,4ED,ATH,BRB,TSB","""Oi oi oi, me gotta hurt in 'ere,\nOi oi oi, me smell a ting is near,\nGonna bosh 'n gonna nosh 'n da\nhurt'll disappear.""\n—Traditional",normal,228,2,2,Uncommon,Troll,Creature
Verduran Enchantress,{1}{G}{G},3,G,Kev Brockschmidt,,Creature — Human Druid,"Whenever you cast an enchantment spell, you may draw a card.","LEA,LEB,2ED,CED,CEI,3ED,4ED,5ED,6ED,7ED,8ED,9ED","Some say magic was first practiced by women, who have always felt strong ties to the land.",normal,178,0,2,Rare,"Human,Druid",Creature
Vesuvan Doppelganger,{3}{U}{U},5,U,Quinton Hoover,,Creature — Shapeshifter,"You may have Vesuvan Doppelganger enter the battlefield as a copy of any creature on the battlefield except it doesn't copy that creature's color and it gains ""At the beginning of your upkeep, you may have this creature become a copy of target creature except it doesn't copy that creature's color. If you do, this creature gains this ability.""","LEA,LEB,2ED,CED,CEI,3ED,MED",,normal,135,0,0,Rare,Shapeshifter,Creature
Veteran Bodyguard,{3}{W}{W},5,W,Douglas Shuler,,Creature — Human,"As long as Veteran Bodyguard is untapped, all damage that would be dealt to you by unblocked creatures is dealt to Veteran Bodyguard instead.","LEA,LEB,2ED,CED,CEI,3ED,ME4","Good bodyguards are hard to find, mainly because they don't live long.",normal,272,2,5,Rare,Human,Creature
Volcanic Eruption,{X}{U}{U}{U},3,U,Douglas Shuler,,Sorcery,Destroy X target Mountains. Volcanic Eruption deals damage to each creature and each player equal to the number of Mountains put into a graveyard this way.,"LEA,LEB,2ED,CED,CEI,3ED,4ED",,normal,136,,,Rare,,Sorcery
Wall of Air,{1}{U}{U},3,U,Richard Thomas,,Creature — Wall,"Defender, flying (This creature can't attack, and it can block creatures with flying.)","LEA,LEB,2ED,CED,CEI,3ED,4ED,5ED,6ED,7ED,8ED,10E","""This ‘standing windstorm' can hold us off indefinitely? Ridiculous!"" Saying nothing, she put a pinch of salt on the table. With a bang she clapped her hands, and the salt disappeared, blown away.",normal,137,1,5,Uncommon,Wall,Creature
Wall of Bone,{2}{B},3,B,Anson Maddocks,,Creature — Skeleton Wall,"Defender (This creature can't attack.)\n{B}: Regenerate Wall of Bone. (The next time this creature would be destroyed this turn, it isn't. Instead tap it, remove all damage from it, and remove it from combat.)","LEA,LEB,2ED,CED,CEI,3ED,4ED,RQS,ITP,5ED,7ED,M10,DDD,DD3_GVL","The Wall of Bone is said to be an aspect of the Great Wall in Hel, where the bones of all sinners wait for Ragnarok, when Hela will call them forth for the final battle.",normal,88,1,4,Uncommon,"Skeleton,Wall",Creature
Wall of Brambles,{2}{G},3,G,Anson Maddocks,,Creature — Plant Wall,Defender (This creature can't attack.)\n{G}: Regenerate Wall of Brambles.,"LEA,LEB,2ED,CED,CEI,3ED,4ED,5ED","""What else, when chaos draws all forces inward to shape a single leaf.""\n —Conrad Aiken",normal,179,2,3,Uncommon,"Plant,Wall",Creature
Wall of Fire,{1}{R}{R},3,R,Richard Thomas,,Creature — Wall,Defender (This creature can't attack.)\n{R}: Wall of Fire gets +1/+0 until end of turn.,"LEA,LEB,2ED,CED,CEI,3ED,4ED,5ED,6ED,7ED,10E,M10,M13,M15","Conjured from the bowels of hell, the fiery wall forms an impassable barrier, searing the soul of any creature attempting to pass through its terrible bursts of flame.",normal,229,0,5,Uncommon,Wall,Creature
Wall of Ice,{2}{G},3,G,Richard Thomas,,Creature — Wall,Defender (This creature can't attack.),"LEA,LEB,2ED,CED,CEI,3ED,4ED","""And through the drifts the snowy cliffs/ Did send a dismal sheen:/ Nor shapes of men nor beasts we ken—/ The ice was all between.""/—Samuel Coleridge, ""The Rime of the Ancient Mariner""",normal,180,0,7,Uncommon,Wall,Creature
Wall of Stone,{1}{R}{R},3,R,Dan Frazier,,Creature — Wall,Defender (This creature can't attack.),"LEA,LEB,2ED,CED,CEI,3ED,4ED,5ED,8ED","The Earth herself lends her strength to these walls of living stone, which possess the stability of ancient mountains. These mighty bulwarks thwart ground-based troops, providing welcome relief for weary warriors who defend the land.",normal,230,0,8,Uncommon,Wall,Creature
Wall of Swords,{3}{W},4,W,Mark Tedin,,Creature — Wall,Defender (This creature can't attack.)\nFlying,"LEA,LEB,2ED,CED,CEI,3ED,4ED,5ED,POR,6ED,7ED,8ED,10E,M14","Just as the evil ones approached to slay Justina, she cast a great spell, imbuing her weapons with her own life force. Thus she fulfilled the prophecy: ""In the death of your savior will you find salvation.""",normal,273,3,5,Uncommon,Wall,Creature
Wall of Water,{1}{U}{U},3,U,Richard Thomas,,Creature — Wall,Defender (This creature can't attack.)\n{U}: Wall of Water gets +1/+0 until end of turn.,"LEA,LEB,2ED,CED,CEI,3ED,4ED","A deafening roar arose as the fury of an enormous vertical river supplanted our serenity. Eddies turned into whirling geysers, leveling everything in their path.",normal,138,0,5,Uncommon,Wall,Creature
Wall of Wood,{G},1,G,Mark Tedin,,Creature — Wall,Defender (This creature can't attack.),"LEA,LEB,2ED,CED,CEI,3ED,4ED,10E,DPA","Everybody knows that to ward off trouble, you knock on wood. But usually it's better to make a wall out of the wood and let trouble do the knocking.",normal,181,0,3,Common,Wall,Creature
Wanderlust,{2}{G},3,G,Cornelius Brudi,,Enchantment — Aura,"Enchant creature\nAt the beginning of the upkeep of enchanted creature's controller, Wanderlust deals 1 damage to that player.","LEA,LEB,2ED,CED,CEI,3ED,4ED,5ED,MED",,normal,182,,,Uncommon,Aura,Enchantment
War Mammoth,{3}{G},4,G,Jeff A. Menges,,Creature — Elephant,Trample,"LEA,LEB,2ED,CED,CEI,3ED,4ED,RQS,ITP,5ED,ME4",I didn't think Mammoths could ever hold a candle to a well-trained battle horse. Then one day I turned my back on a drunken soldier. His blow never landed; Mi'cha flung the brute over ten meters.,normal,183,3,3,Common,Elephant,Creature
Warp Artifact,{B}{B},2,B,Amy Weber,,Enchantment — Aura,"Enchant artifact\nAt the beginning of the upkeep of enchanted artifact's controller, Warp Artifact deals 1 damage to that player.","LEA,LEB,2ED,CED,CEI,3ED,4ED,RQS,ITP,5ED,ME4",,normal,89,,,Rare,Aura,Enchantment
Water Elemental,{3}{U}{U},5,U,Jeff A. Menges,,Creature — Elemental,,"LEA,LEB,2ED,CED,CEI,3ED,4ED,S99,ME4","Unpredictable as the sea itself, Water Elementals shift without warning from tranquility to tempest. Capricious and fickle, they flow restlessly from one shape to another, expressing their moods with their physical forms.",normal,139,5,4,Uncommon,Elemental,Creature
Weakness,{B},1,B,Douglas Shuler,,Enchantment — Aura,Enchant creature\nEnchanted creature gets -2/-1.,"LEA,LEB,2ED,CED,CEI,3ED,4ED,RQS,ITP,5ED,BRB,M10,ME4",,normal,90,,,Common,Aura,Enchantment
Web,{G},1,G,Rob Alexander,,Enchantment — Aura,Enchant creature (Target a creature as you cast this. This card enters the battlefield attached to that creature.)\nEnchanted creature gets +0/+2 and has reach. (It can block creatures with flying.),"LEA,LEB,2ED,CED,CEI,3ED,4ED,9ED",,normal,184,,,Rare,Aura,Enchantment
Wheel of Fortune,{2}{R},3,R,Daniel Gelon,,Sorcery,"Each player discards his or her hand, then draws seven cards.","LEA,LEB,2ED,CED,CEI,3ED,pJGP,ME4,VMA",,normal,231,,,Rare,,Sorcery
White Knight,{W}{W},2,W,Daniel Gelon,,Creature — Human Knight,"First strike (This creature deals combat damage before creatures without first strike.)\nProtection from black (This creature can't be blocked, targeted, dealt damage, or enchanted by anything black.)","LEA,LEB,2ED,CED,CEI,3ED,4ED,5ED,ATH,pFNM,LGN,M10,M11,ME4,DDG",Out of the blackness and stench of the engulfing swamp emerged a shimmering figure. Only the splattered armor and ichor-stained sword hinted at the unfathomable evil the knight had just laid waste.,normal,274,2,2,Uncommon,"Human,Knight",Creature
White Ward,{W},1,W,Dan Frazier,,Enchantment — Aura,Enchant creature\nEnchanted creature has protection from white. This effect doesn't remove White Ward.,"LEA,LEB,2ED,CED,CEI,3ED,4ED",,normal,275,,,Uncommon,Aura,Enchantment
Wild Growth,{G},1,G,Mark Poole,,Enchantment — Aura,"Enchant land\nWhenever enchanted land is tapped for mana, its controller adds {G} to his or her mana pool (in addition to the mana the land produces).","LEA,LEB,2ED,CED,CEI,3ED,4ED,ICE,5ED,6ED,BTD,7ED",,normal,185,,,Common,Aura,Enchantment
Will-o'-the-Wisp,{B},1,B,Jesper Myrfors,,Creature — Spirit,"Flying (This creature can't be blocked except by creatures with flying or reach.)\n{B}: Regenerate Will-o'-the-Wisp. (The next time this creature would be destroyed this turn, it isn't. Instead tap it, remove all damage from it, and remove it from combat.)","LEA,LEB,2ED,CED,CEI,3ED,4ED,9ED","""About, about in reel and rout\nThe death-fires danced at night;\nThe water, like a witch's oils,\nBurnt green, and blue and white.""\n—Samuel Coleridge, ""The Rime of the Ancient Mariner""",normal,91,0,1,Rare,Spirit,Creature
Winter Orb,{2},2,,Mark Tedin,,Artifact,Players can't untap more than one land during their untap steps.,"LEA,LEB,2ED,CED,CEI,3ED,4ED,5ED,MED,EMA",,normal,46,,,Rare,,Artifact
Wooden Sphere,{1},1,,Mark Tedin,,Artifact,"Whenever a player casts a green spell, you may pay {1}. If you do, you gain 1 life.","LEA,LEB,2ED,CED,CEI,3ED,4ED,5ED,6ED,7ED,8ED",,normal,47,,,Uncommon,,Artifact
Word of Command,{B}{B},2,B,Jesper Myrfors,,Instant,"Look at target opponent's hand and choose a card from it. You control that player until Word of Command finishes resolving. The player plays that card if able. While doing so, the player can activate mana abilities only if they're from lands he or she controls and only if mana they produce is spent to activate other mana abilities of lands he or she controls and/or play that card. If the chosen card is cast as a spell, you control the player while that spell is resolving.","LEA,LEB,2ED,CED,CEI,ME4",,normal,92,,,Rare,,Instant
Wrath of God,{2}{W}{W},4,W,Quinton Hoover,,Sorcery,Destroy all creatures. They can't be regenerated.,"LEA,LEB,2ED,CED,CEI,3ED,4ED,5ED,POR,6ED,BRB,7ED,pMPR,8ED,9ED,10E,C13,V14,EMA",,normal,276,,,Rare,,Sorcery
Zombie Master,{1}{B}{B},3,B,Jeff A. Menges,,Creature — Zombie,"Other Zombie creatures have swampwalk. (They can't be blocked as long as defending player controls a Swamp.)\nOther Zombies have ""{B}: Regenerate this permanent.""","LEA,LEB,2ED,CED,CEI,3ED,4ED,5ED,6ED,ME4","They say the Zombie Master controlled these foul creatures even before his own death, but now that he is one of them, nothing can make them betray him.",normal,93,2,3,Rare,Zombie,Creature
